"data type","highlight","interaction","name","networks","normalized max weight","raw weights","selected","shared interaction","shared name"
"Pathway","1",,"H__sapiens__2_-780964|H__sapiens__2_-777445|Pathway","CELL_MAP|Wu-Stein-2010","0.009276587015575944","0.17951326072216034|0.015473525039851665","false",,"H__sapiens__2_-780964|H__sapiens__2_-777445|Pathway"
"Pathway","1",,"H__sapiens__2_-774247|H__sapiens__2_-777445|Pathway","CELL_MAP|Wu-Stein-2010","0.007037052692368215","0.13617554306983948|0.020789392292499542","false",,"H__sapiens__2_-774247|H__sapiens__2_-777445|Pathway"
"Pathway","1",,"H__sapiens__2_-774247|H__sapiens__2_-780964|Pathway","CELL_MAP|Wu-Stein-2010","0.009276587015575944","0.17951326072216034|0.013418099842965603","false",,"H__sapiens__2_-774247|H__sapiens__2_-780964|Pathway"
"Pathway","1",,"H__sapiens__2_-783570|H__sapiens__2_-777445|Pathway","CELL_MAP|Wu-Stein-2010","0.008037513729652801","0.15553568303585052|0.023973975330591202","false",,"H__sapiens__2_-783570|H__sapiens__2_-777445|Pathway"
"Pathway","1",,"H__sapiens__2_-783570|H__sapiens__2_-774247|Pathway","CELL_MAP|Wu-Stein-2010","0.008037513729652801","0.15553568303585052|0.020789392292499542","false",,"H__sapiens__2_-783570|H__sapiens__2_-774247|Pathway"
"Pathway","1",,"H__sapiens__2_-774485|H__sapiens__2_-778623|Pathway","REACTOME|Wu-Stein-2010","5.9924787876252186E-5","0.011579038575291634|0.010383594781160355","false",,"H__sapiens__2_-774485|H__sapiens__2_-778623|Pathway"
"Pathway","1",,"H__sapiens__2_-785433|H__sapiens__2_-778623|Pathway","REACTOME|Wu-Stein-2010","5.9924787876252186E-5","0.011579038575291634|0.010383594781160355","false",,"H__sapiens__2_-785433|H__sapiens__2_-778623|Pathway"
"Pathway","1",,"H__sapiens__2_-785433|H__sapiens__2_-774485|Pathway","REACTOME|Wu-Stein-2010","5.9924787876252186E-5","0.011579038575291634|0.010383594781160355","false",,"H__sapiens__2_-785433|H__sapiens__2_-774485|Pathway"
"Pathway","1",,"H__sapiens__2_-782385|H__sapiens__2_-778623|Pathway","REACTOME|Wu-Stein-2010","5.9924787876252186E-5","0.011579038575291634|0.010383594781160355","false",,"H__sapiens__2_-782385|H__sapiens__2_-778623|Pathway"
"Pathway","1",,"H__sapiens__2_-782385|H__sapiens__2_-774485|Pathway","REACTOME|Wu-Stein-2010","5.9924787876252186E-5","0.011579038575291634|0.010383594781160355","false",,"H__sapiens__2_-782385|H__sapiens__2_-774485|Pathway"
"Pathway","1",,"H__sapiens__2_-782385|H__sapiens__2_-785433|Pathway","REACTOME|Wu-Stein-2010","5.9924787876252186E-5","0.011579038575291634|0.010383594781160355","false",,"H__sapiens__2_-782385|H__sapiens__2_-785433|Pathway"
"Pathway","1",,"H__sapiens__2_-774722|H__sapiens__2_-774602|Pathway","Wu-Stein-2010","3.5956141094911073E-4","0.06857309490442276","false",,"H__sapiens__2_-774722|H__sapiens__2_-774602|Pathway"
"Pathway","1",,"H__sapiens__2_-787412|H__sapiens__2_-784549|Pathway","Wu-Stein-2010","3.662567038450261E-5","0.006984997540712357","false",,"H__sapiens__2_-787412|H__sapiens__2_-784549|Pathway"
"Pathway","1",,"H__sapiens__2_-788097|H__sapiens__2_-787412|Pathway","Wu-Stein-2010","2.242040207192868E-5","0.004275865852832794","false",,"H__sapiens__2_-788097|H__sapiens__2_-787412|Pathway"
"Pathway","1",,"H__sapiens__2_-775973|H__sapiens__2_-787412|Pathway","Wu-Stein-2010","2.792359890766561E-5","0.005325397942215204","false",,"H__sapiens__2_-775973|H__sapiens__2_-787412|Pathway"
"Pathway","1",,"H__sapiens__2_-786524|H__sapiens__2_-775973|Pathway","Wu-Stein-2010","4.541338099804341E-4","0.08660929650068283","false",,"H__sapiens__2_-786524|H__sapiens__2_-775973|Pathway"
"Pathway","1",,"H__sapiens__2_-783570|H__sapiens__2_-780964|Pathway","Wu-Stein-2010","8.113506475739683E-5","0.015473525039851665","false",,"H__sapiens__2_-783570|H__sapiens__2_-780964|Pathway"
"Pathway","1",,"H__sapiens__2_-781928|H__sapiens__2_-775973|Pathway","Wu-Stein-2010","5.4249819811077E-4","0.10346154868602753","false",,"H__sapiens__2_-781928|H__sapiens__2_-775973|Pathway"
"Pathway","1",,"H__sapiens__2_-774613|H__sapiens__2_-774722|Pathway","Wu-Stein-2010","3.074979492296673E-4","0.05864390730857849","false",,"H__sapiens__2_-774613|H__sapiens__2_-774722|Pathway"
"Physical Interactions","1",,"H__sapiens__2_-782605|H__sapiens__2_-779873|Physical Interactions","BIOGRID-SMALL-SCALE-STUDIES","7.206531602907649E-5","0.015280991792678833","false",,"H__sapiens__2_-782605|H__sapiens__2_-779873|Physical Interactions"
"Physical Interactions","1",,"H__sapiens__2_-773576|H__sapiens__2_-782388|Physical Interactions","BIOGRID-SMALL-SCALE-STUDIES|IREF-SMALL-SCALE-STUDIES","6.628734657671238E-4","0.07958658784627914|0.1258680671453476","false",,"H__sapiens__2_-773576|H__sapiens__2_-782388|Physical Interactions"
"Physical Interactions","1",,"H__sapiens__2_-774409|H__sapiens__2_-773576|Physical Interactions","BIOGRID-SMALL-SCALE-STUDIES","5.8914528144094185E-5","0.012492450885474682","false",,"H__sapiens__2_-774409|H__sapiens__2_-773576|Physical Interactions"
"Physical Interactions","1",,"H__sapiens__2_-774409|H__sapiens__2_-774217|Physical Interactions","BIOGRID-SMALL-SCALE-STUDIES|IREF-SMALL-SCALE-STUDIES|IREF-bind-translation","0.0012927175291891934","0.016103342175483704|0.012921077199280262|0.16376592218875885","false",,"H__sapiens__2_-774409|H__sapiens__2_-774217|Physical Interactions"
"Physical Interactions","1",,"H__sapiens__2_-795919|H__sapiens__2_-779873|Physical Interactions","BIOGRID-SMALL-SCALE-STUDIES|Ewing-Figeys-2007|IREF-spike","0.023510415761650968","0.007458174601197243|0.045409224927425385|0.6391055583953857","false",,"H__sapiens__2_-795919|H__sapiens__2_-779873|Physical Interactions"
"Physical Interactions","1",,"H__sapiens__2_-776881|H__sapiens__2_-773576|Physical Interactions","BIOGRID-SMALL-SCALE-STUDIES","4.7186099822515974E-5","0.010005512274801731","false",,"H__sapiens__2_-776881|H__sapiens__2_-773576|Physical Interactions"
"Physical Interactions","1",,"H__sapiens__2_-787705|H__sapiens__2_-781298|Physical Interactions","BIOGRID-SMALL-SCALE-STUDIES|IREF-SMALL-SCALE-STUDIES|Sundell-Ivarsson-2018","0.0012486070912345964","0.10274606943130493|0.01964123360812664|0.06734144687652588","false",,"H__sapiens__2_-787705|H__sapiens__2_-781298|Physical Interactions"
"Physical Interactions","1",,"H__sapiens__2_-774722|H__sapiens__2_-774602|Physical Interactions","BIOGRID-SMALL-SCALE-STUDIES","5.406838265435768E-5","0.011464856564998627","false",,"H__sapiens__2_-774722|H__sapiens__2_-774602|Physical Interactions"
"Physical Interactions","1",,"H__sapiens__2_-787412|H__sapiens__2_-784549|Physical Interactions","BIOGRID-SMALL-SCALE-STUDIES|IREF-SMALL-SCALE-STUDIES|IREF-bind-translation|IREF-mppi|IREF-spike|Trepte-Wanker-2018 A|Trepte-Wanker-2018 B","0.13818826396791045","0.013484591618180275|0.011670175939798355|0.14657264947891235|1.0|0.11117952316999435|1.0|1.0","false",,"H__sapiens__2_-787412|H__sapiens__2_-784549|Physical Interactions"
"Physical Interactions","1",,"H__sapiens__2_-787412|H__sapiens__2_-774217|Physical Interactions","BIOGRID-SMALL-SCALE-STUDIES","3.3909137110973606E-5","0.007190216798335314","false",,"H__sapiens__2_-787412|H__sapiens__2_-774217|Physical Interactions"
"Physical Interactions","1",,"H__sapiens__2_-787412|H__sapiens__2_-776881|Physical Interactions","BIOGRID-SMALL-SCALE-STUDIES","2.5768531872541494E-5","0.005464053247123957","false",,"H__sapiens__2_-787412|H__sapiens__2_-776881|Physical Interactions"
"Physical Interactions","1",,"H__sapiens__2_-788097|H__sapiens__2_-774225|Physical Interactions","BIOGRID-SMALL-SCALE-STUDIES|IREF-SMALL-SCALE-STUDIES|IREF-spike","0.009473648293595921","0.04870153218507767|0.0285351425409317|0.2575310170650482","false",,"H__sapiens__2_-788097|H__sapiens__2_-774225|Physical Interactions"
"Physical Interactions","1",,"H__sapiens__2_-784320|H__sapiens__2_-778623|Physical Interactions","BIOGRID-SMALL-SCALE-STUDIES","6.152340323080853E-5","0.013045646250247955","false",,"H__sapiens__2_-784320|H__sapiens__2_-778623|Physical Interactions"
"Physical Interactions","1",,"H__sapiens__2_-784320|H__sapiens__2_-786371|Physical Interactions","BIOGRID-SMALL-SCALE-STUDIES|IREF-SMALL-SCALE-STUDIES","6.574233981767298E-5","0.013940244913101196|0.006430893205106258","false",,"H__sapiens__2_-784320|H__sapiens__2_-786371|Physical Interactions"
"Physical Interactions","1",,"H__sapiens__2_-784320|H__sapiens__2_-775125|Physical Interactions","BIOGRID-SMALL-SCALE-STUDIES|IREF-SMALL-SCALE-STUDIES","2.287154585248557E-5","0.0034881075844168663|0.004342906177043915","false",,"H__sapiens__2_-784320|H__sapiens__2_-775125|Physical Interactions"
"Physical Interactions","1",,"H__sapiens__2_-784320|H__sapiens__2_-774532|Physical Interactions","BIOGRID-SMALL-SCALE-STUDIES|Hein-Mann-2015|Huttlin-Harper-2017|IREF-SMALL-SCALE-STUDIES|Trepte-Wanker-2018 A|Trepte-Wanker-2018 B|Wan-Emili-2015","0.04369896571058198","0.00511002354323864|0.07400301098823547|0.16219137609004974|0.062257539480924606|0.3162277638912201|0.3162277638912201|0.03945113345980644","false",,"H__sapiens__2_-784320|H__sapiens__2_-774532|Physical Interactions"
"Physical Interactions","1",,"H__sapiens__2_-784320|H__sapiens__2_-787412|Physical Interactions","BIOGRID-SMALL-SCALE-STUDIES","6.495014725463248E-6","0.0013772265519946814","false",,"H__sapiens__2_-784320|H__sapiens__2_-787412|Physical Interactions"
"Physical Interactions","1",,"H__sapiens__2_-784320|H__sapiens__2_-780964|Physical Interactions","BIOGRID-SMALL-SCALE-STUDIES|Moutaoufik-Babu-2019","0.0019340207201101","0.0012815905502066016|0.0267996434122324","false",,"H__sapiens__2_-784320|H__sapiens__2_-780964|Physical Interactions"
"Physical Interactions","1",,"H__sapiens__2_-774247|H__sapiens__2_-781298|Physical Interactions","BIOGRID-SMALL-SCALE-STUDIES|IREF-SMALL-SCALE-STUDIES|IREF-bind-translation|IREF-mppi|IREF-spike","0.009753091219646428","0.040142692625522614|0.018643978983163834|0.09310346841812134|0.49374955892562866|0.09004031866788864","false",,"H__sapiens__2_-774247|H__sapiens__2_-781298|Physical Interactions"
"Physical Interactions","1",,"H__sapiens__2_-774247|H__sapiens__2_-777445|Physical Interactions","BIOGRID-SMALL-SCALE-STUDIES|IREF-SMALL-SCALE-STUDIES|IREF-spike","0.005993289948934002","0.06379741430282593|0.043126363307237625|0.16292119026184082","false",,"H__sapiens__2_-774247|H__sapiens__2_-777445|Physical Interactions"
"Physical Interactions","1",,"H__sapiens__2_-774247|H__sapiens__2_-780964|Physical Interactions","BIOGRID-SMALL-SCALE-STUDIES|IREF-SMALL-SCALE-STUDIES|IREF-bind-translation|IREF-mppi|Soler-López-Aloy-2011","0.0025838884783895783","0.005913727916777134|0.001910583465360105|0.0348777174949646|0.13080917298793793|0.021127622574567795","false",,"H__sapiens__2_-774247|H__sapiens__2_-780964|Physical Interactions"
"Physical Interactions","1",,"H__sapiens__2_-786524|H__sapiens__2_-772792|Physical Interactions","BIOGRID-SMALL-SCALE-STUDIES|IREF-SMALL-SCALE-STUDIES","8.435006648423694E-4","0.06992645561695099|0.16016601026058197","false",,"H__sapiens__2_-786524|H__sapiens__2_-772792|Physical Interactions"
"Physical Interactions","1",,"H__sapiens__2_-786524|H__sapiens__2_-775973|Physical Interactions","BIOGRID-SMALL-SCALE-STUDIES|IREF-SMALL-SCALE-STUDIES","3.885017881344498E-4","0.06058515980839729|0.07376968860626221","false",,"H__sapiens__2_-786524|H__sapiens__2_-775973|Physical Interactions"
"Physical Interactions","1",,"H__sapiens__2_-784714|H__sapiens__2_-774602|Physical Interactions","BIOGRID-SMALL-SCALE-STUDIES|IREF-SMALL-SCALE-STUDIES|IREF-spike","0.024718995897071105","0.05527332052588463|0.05879593640565872|0.6719595193862915","false",,"H__sapiens__2_-784714|H__sapiens__2_-774602|Physical Interactions"
"Physical Interactions","1",,"H__sapiens__2_-772791|H__sapiens__2_-788097|Physical Interactions","BIOGRID-SMALL-SCALE-STUDIES|IREF-SMALL-SCALE-STUDIES|IREF-mppi|IREF-spike","0.01641985260028984","0.0471806563436985|0.02996460720896721|0.8312538862228394|0.2575310170650482","false",,"H__sapiens__2_-772791|H__sapiens__2_-788097|Physical Interactions"
"Physical Interactions","1",,"H__sapiens__2_-783570|H__sapiens__2_-777445|Physical Interactions","BIOGRID-SMALL-SCALE-STUDIES|IREF-SMALL-SCALE-STUDIES|IREF-spike","0.015163996183142821","0.1599258929491043|0.11175452172756195|0.41221705079078674","false",,"H__sapiens__2_-783570|H__sapiens__2_-777445|Physical Interactions"
"Physical Interactions","1",,"H__sapiens__2_-783570|H__sapiens__2_-780964|Physical Interactions","BIOGRID-SMALL-SCALE-STUDIES|IREF-SMALL-SCALE-STUDIES|IREF-bind-translation","6.497136693176495E-4","0.014824396930634975|0.004950947128236294|0.08230797201395035","false",,"H__sapiens__2_-783570|H__sapiens__2_-780964|Physical Interactions"
"Physical Interactions","1",,"H__sapiens__2_-783570|H__sapiens__2_-774247|Physical Interactions","BIOGRID-SMALL-SCALE-STUDIES|Hein-Mann-2015|IREF-SMALL-SCALE-STUDIES|IREF-bind-translation|IREF-uniprotpp","0.0022864396480053355","0.033235423266887665|0.20500893890857697|0.011544544249773026|0.08673465996980667|0.08548254519701004","false",,"H__sapiens__2_-783570|H__sapiens__2_-774247|Physical Interactions"
"Physical Interactions","1",,"H__sapiens__2_-772905|H__sapiens__2_-775017|Physical Interactions","BIOGRID-SMALL-SCALE-STUDIES","1.3839767661085262E-4","0.029346346855163574","false",,"H__sapiens__2_-772905|H__sapiens__2_-775017|Physical Interactions"
"Physical Interactions","1",,"H__sapiens__2_-778972|H__sapiens__2_-780964|Physical Interactions","BIOGRID-SMALL-SCALE-STUDIES|IREF-SMALL-SCALE-STUDIES|IREF-mppi","0.011582967534532201","0.011231957003474236|0.0038562496192753315|0.5863869190216064","false",,"H__sapiens__2_-778972|H__sapiens__2_-780964|Physical Interactions"
"Physical Interactions","1",,"H__sapiens__2_-778741|H__sapiens__2_-772905|Physical Interactions","BIOGRID-SMALL-SCALE-STUDIES|Brajenovic-Drewes-2004|IREF-SMALL-SCALE-STUDIES|IREF-bind-translation","0.0024471015972560256","0.025255944579839706|0.019010936841368675|0.019511498510837555|0.18493284285068512","false",,"H__sapiens__2_-778741|H__sapiens__2_-772905|Physical Interactions"
"Physical Interactions","1",,"H__sapiens__2_-811977|H__sapiens__2_-795919|Physical Interactions","BIOGRID-SMALL-SCALE-STUDIES|IREF-SMALL-SCALE-STUDIES|Moutaoufik-Babu-2019","9.83022073269193E-4","0.05015387758612633|0.04181584343314171|0.013621695339679718","false",,"H__sapiens__2_-811977|H__sapiens__2_-795919|Physical Interactions"
"Physical Interactions","1",,"H__sapiens__2_-778189|H__sapiens__2_-782385|Physical Interactions","BIOGRID-SMALL-SCALE-STUDIES","1.5329858213972698E-4","0.03250598907470703","false",,"H__sapiens__2_-778189|H__sapiens__2_-782385|Physical Interactions"
"Physical Interactions","1",,"H__sapiens__2_-774613|H__sapiens__2_-774722|Physical Interactions","BIOGRID-SMALL-SCALE-STUDIES|IREF-SMALL-SCALE-STUDIES|IREF-mppi|IREF-spike","0.013967560469159984","0.026050172746181488|0.025357933714985847|0.7071067690849304|0.08798235654830933","false",,"H__sapiens__2_-774613|H__sapiens__2_-774722|Physical Interactions"
"Physical Interactions","1",,"H__sapiens__2_-788097|H__sapiens__2_-782343|Physical Interactions","Barr-Knapp-2009","0.003550054302930253","0.07645007222890854","false",,"H__sapiens__2_-788097|H__sapiens__2_-782343|Physical Interactions"
"Physical Interactions","1",,"H__sapiens__2_-775973|H__sapiens__2_-782343|Physical Interactions","Barr-Knapp-2009","0.004685122803381172","0.10089366137981415","false",,"H__sapiens__2_-775973|H__sapiens__2_-782343|Physical Interactions"
"Physical Interactions","1",,"H__sapiens__2_-786281|H__sapiens__2_-788097|Physical Interactions","Barr-Knapp-2009","0.027832237800273406","0.5993645191192627","false",,"H__sapiens__2_-786281|H__sapiens__2_-788097|Physical Interactions"
"Physical Interactions","1",,"H__sapiens__2_-781928|H__sapiens__2_-773576|Physical Interactions","Barr-Knapp-2009|IREF-spike","0.005130619033800781","0.11048737913370132|0.11903145909309387","false",,"H__sapiens__2_-781928|H__sapiens__2_-773576|Physical Interactions"
"Physical Interactions","1",,"H__sapiens__2_-781928|H__sapiens__2_-781298|Physical Interactions","Barr-Knapp-2009|IREF-spike","0.007220110032127628","0.1554843634366989|0.12498396635055542","false",,"H__sapiens__2_-781928|H__sapiens__2_-781298|Physical Interactions"
"Physical Interactions","1",,"H__sapiens__2_-781928|H__sapiens__2_-788097|Physical Interactions","Barr-Knapp-2009","0.0019185579537075673","0.041315957903862","false",,"H__sapiens__2_-781928|H__sapiens__2_-788097|Physical Interactions"
"Physical Interactions","1",,"H__sapiens__2_-781860|H__sapiens__2_-778086|Physical Interactions","Brajenovic-Drewes-2004|Hein-Mann-2015|Huttlin-Gygi-2015|Huttlin-Harper-2017","0.03648874109737444","0.2834721505641937|0.08817128837108612|0.1610495001077652|0.17882661521434784","false",,"H__sapiens__2_-781860|H__sapiens__2_-778086|Physical Interactions"
"Physical Interactions","1",,"H__sapiens__2_-777162|H__sapiens__2_-781860|Physical Interactions","Brajenovic-Drewes-2004","0.03648874109737444","0.2834721505641937","false",,"H__sapiens__2_-777162|H__sapiens__2_-781860|Physical Interactions"
"Physical Interactions","1",,"H__sapiens__2_-780030|H__sapiens__2_-781860|Physical Interactions","Brajenovic-Drewes-2004","0.026665188617548213","0.20715536177158356","false",,"H__sapiens__2_-780030|H__sapiens__2_-781860|Physical Interactions"
"Physical Interactions","1",,"H__sapiens__2_-772905|H__sapiens__2_-789897|Physical Interactions","Brajenovic-Drewes-2004","0.03268446615961499","0.2539176642894745","false",,"H__sapiens__2_-772905|H__sapiens__2_-789897|Physical Interactions"
"Physical Interactions","1",,"H__sapiens__2_-778741|H__sapiens__2_-778086|Physical Interactions","Brajenovic-Drewes-2004|Hein-Mann-2015|IREF-SMALL-SCALE-STUDIES","0.023957110728598772","0.18611696362495422|0.01670108363032341|0.06659993529319763","false",,"H__sapiens__2_-778741|H__sapiens__2_-778086|Physical Interactions"
"Physical Interactions","1",,"H__sapiens__2_-778741|H__sapiens__2_-781860|Physical Interactions","Brajenovic-Drewes-2004|Hein-Mann-2015|IREF-SMALL-SCALE-STUDIES","0.005036209340666348","0.03912508487701416|0.03551385551691055|0.00844540260732174","false",,"H__sapiens__2_-778741|H__sapiens__2_-781860|Physical Interactions"
"Physical Interactions","1",,"H__sapiens__2_-778741|H__sapiens__2_-777162|Physical Interactions","Brajenovic-Drewes-2004","0.023957110728598772","0.18611696362495422","false",,"H__sapiens__2_-778741|H__sapiens__2_-777162|Physical Interactions"
"Physical Interactions","1",,"H__sapiens__2_-778741|H__sapiens__2_-780030|Physical Interactions","Brajenovic-Drewes-2004|IREF-SMALL-SCALE-STUDIES","0.017507341286652166","0.1360102742910385|0.011288494803011417","false",,"H__sapiens__2_-778741|H__sapiens__2_-780030|Physical Interactions"
"Physical Interactions","1",,"H__sapiens__2_-774343|H__sapiens__2_-774409|Physical Interactions","Havugimana-Emili-2012","7.682246308576211E-5","0.05386515334248543","false",,"H__sapiens__2_-774343|H__sapiens__2_-774409|Physical Interactions"
"Physical Interactions","1",,"H__sapiens__2_-782385|H__sapiens__2_-775017|Physical Interactions","Havugimana-Emili-2012","1.4048361513222698E-5","0.009850206784904003","false",,"H__sapiens__2_-782385|H__sapiens__2_-775017|Physical Interactions"
"Physical Interactions","1",,"H__sapiens__2_-782748|H__sapiens__2_-786371|Physical Interactions","Havugimana-Emili-2012","4.449980824024081E-5","0.031201668083667755","false",,"H__sapiens__2_-782748|H__sapiens__2_-786371|Physical Interactions"
"Physical Interactions","1",,"H__sapiens__2_-782748|H__sapiens__2_-774706|Physical Interactions","Havugimana-Emili-2012","1.7807639908532844E-5","0.012486077845096588","false",,"H__sapiens__2_-782748|H__sapiens__2_-774706|Physical Interactions"
"Physical Interactions","1",,"H__sapiens__2_-783570|H__sapiens__2_-774706|Physical Interactions","Havugimana-Emili-2012","2.1554027618822262E-5","0.01511291041970253","false",,"H__sapiens__2_-783570|H__sapiens__2_-774706|Physical Interactions"
"Physical Interactions","1",,"H__sapiens__2_-783570|H__sapiens__2_-782385|Physical Interactions","Havugimana-Emili-2012","6.675612250419532E-6","0.004680699668824673","false",,"H__sapiens__2_-783570|H__sapiens__2_-782385|Physical Interactions"
"Physical Interactions","1",,"H__sapiens__2_-786371|H__sapiens__2_-778623|Physical Interactions","Hegele-Stelzl-2012 B","7.260148333899284E-4","0.03398573026061058","false",,"H__sapiens__2_-786371|H__sapiens__2_-778623|Physical Interactions"
"Physical Interactions","1",,"H__sapiens__2_-785433|H__sapiens__2_-786371|Physical Interactions","Hegele-Stelzl-2012 B","0.0011140945801445768","0.05215226486325264","false",,"H__sapiens__2_-785433|H__sapiens__2_-786371|Physical Interactions"
"Physical Interactions","1",,"H__sapiens__2_-781844|H__sapiens__2_-809485|Physical Interactions","Hein-Mann-2015","2.4317096286380149E-4","0.02180342748761177","false",,"H__sapiens__2_-781844|H__sapiens__2_-809485|Physical Interactions"
"Physical Interactions","1",,"H__sapiens__2_-781844|H__sapiens__2_-786371|Physical Interactions","Hein-Mann-2015","9.625316898894275E-5","0.008630343712866306","false",,"H__sapiens__2_-781844|H__sapiens__2_-786371|Physical Interactions"
"Physical Interactions","1",,"H__sapiens__2_-789897|H__sapiens__2_-774823|Physical Interactions","Hein-Mann-2015","1.6379300812462808E-4","0.014686165377497673","false",,"H__sapiens__2_-789897|H__sapiens__2_-774823|Physical Interactions"
"Physical Interactions","1",,"H__sapiens__2_-789897|H__sapiens__2_-781844|Physical Interactions","Hein-Mann-2015","3.4509229862898936E-5","0.0030941995792090893","false",,"H__sapiens__2_-789897|H__sapiens__2_-781844|Physical Interactions"
"Physical Interactions","1",,"H__sapiens__2_-789897|H__sapiens__2_-774409|Physical Interactions","Hein-Mann-2015","1.8996480238554333E-4","0.01703280583024025","false",,"H__sapiens__2_-789897|H__sapiens__2_-774409|Physical Interactions"
"Physical Interactions","1",,"H__sapiens__2_-775017|H__sapiens__2_-774823|Physical Interactions","Hein-Mann-2015","8.147240064404276E-5","0.007305056322365999","false",,"H__sapiens__2_-775017|H__sapiens__2_-774823|Physical Interactions"
"Physical Interactions","1",,"H__sapiens__2_-775017|H__sapiens__2_-781844|Physical Interactions","Hein-Mann-2015","1.71652613929016E-5","0.001539088087156415","false",,"H__sapiens__2_-775017|H__sapiens__2_-781844|Physical Interactions"
"Physical Interactions","1",,"H__sapiens__2_-775017|H__sapiens__2_-774706|Physical Interactions","Hein-Mann-2015","1.1231446364782445E-4","0.010070446878671646","false",,"H__sapiens__2_-775017|H__sapiens__2_-774706|Physical Interactions"
"Physical Interactions","1",,"H__sapiens__2_-775017|H__sapiens__2_-774409|Physical Interactions","Hein-Mann-2015","9.449053865695117E-5","0.008472301065921783","false",,"H__sapiens__2_-775017|H__sapiens__2_-774409|Physical Interactions"
"Physical Interactions","1",,"H__sapiens__2_-775017|H__sapiens__2_-789897|Physical Interactions","Hein-Mann-2015","1.7769323512958537E-5","0.0015932500828057528","false",,"H__sapiens__2_-775017|H__sapiens__2_-789897|Physical Interactions"
"Physical Interactions","1",,"H__sapiens__2_-785433|H__sapiens__2_-809485|Physical Interactions","Hein-Mann-2015","6.093896164051344E-4","0.054639674723148346","false",,"H__sapiens__2_-785433|H__sapiens__2_-809485|Physical Interactions"
"Physical Interactions","1",,"H__sapiens__2_-785433|H__sapiens__2_-778623|Physical Interactions","Hein-Mann-2015","1.7674178743324665E-4","0.015847191214561462","false",,"H__sapiens__2_-785433|H__sapiens__2_-778623|Physical Interactions"
"Physical Interactions","1",,"H__sapiens__2_-785433|H__sapiens__2_-781844|Physical Interactions","Hein-Mann-2015","8.354069746047334E-5","0.007490505930036306","false",,"H__sapiens__2_-785433|H__sapiens__2_-781844|Physical Interactions"
"Physical Interactions","1",,"H__sapiens__2_-782385|H__sapiens__2_-774706|Physical Interactions","Hein-Mann-2015","1.0773585434127485E-4","0.00965991523116827","false",,"H__sapiens__2_-782385|H__sapiens__2_-774706|Physical Interactions"
"Physical Interactions","1",,"H__sapiens__2_-782748|H__sapiens__2_-795919|Physical Interactions","Hein-Mann-2015","2.786749746820129E-4","0.02498682215809822","false",,"H__sapiens__2_-782748|H__sapiens__2_-795919|Physical Interactions"
"Physical Interactions","1",,"H__sapiens__2_-777162|H__sapiens__2_-786371|Physical Interactions","Hein-Mann-2015","2.4042328832045423E-4","0.02155706286430359","false",,"H__sapiens__2_-777162|H__sapiens__2_-786371|Physical Interactions"
"Physical Interactions","1",,"H__sapiens__2_-778972|H__sapiens__2_-788097|Physical Interactions","Hein-Mann-2015","0.004407179393526514","0.3951607346534729","false",,"H__sapiens__2_-778972|H__sapiens__2_-788097|Physical Interactions"
"Physical Interactions","1",,"H__sapiens__2_-780964|H__sapiens__2_-774532|Physical Interactions","Hosp-Selbach-2015","0.006324909442370003","0.16258887946605682","false",,"H__sapiens__2_-780964|H__sapiens__2_-774532|Physical Interactions"
"Physical Interactions","1",,"H__sapiens__2_-776925|H__sapiens__2_-778086|Physical Interactions","Huttlin-Gygi-2015|Huttlin-Harper-2017","2.70995499134034E-4","0.06193976476788521|0.049234118312597275","false",,"H__sapiens__2_-776925|H__sapiens__2_-778086|Physical Interactions"
"Physical Interactions","1",,"H__sapiens__2_-785433|H__sapiens__2_-783360|Physical Interactions","Huttlin-Harper-2017","1.2583737567583084E-4","0.06120752915740013","false",,"H__sapiens__2_-785433|H__sapiens__2_-783360|Physical Interactions"
"Physical Interactions","1",,"H__sapiens__2_-778189|H__sapiens__2_-780964|Physical Interactions","Huttlin-Harper-2017","3.341262676893805E-5","0.01625196263194084","false",,"H__sapiens__2_-778189|H__sapiens__2_-780964|Physical Interactions"
"Physical Interactions","1",,"H__sapiens__2_-776881|H__sapiens__2_-811486|Physical Interactions","IREF-SMALL-SCALE-STUDIES","1.8712014095544495E-4","0.03553083911538124","false",,"H__sapiens__2_-776881|H__sapiens__2_-811486|Physical Interactions"
"Physical Interactions","1",,"H__sapiens__2_-787705|H__sapiens__2_-780868|Physical Interactions","IREF-SMALL-SCALE-STUDIES","6.640681797861435E-4","0.12609492242336273","false",,"H__sapiens__2_-787705|H__sapiens__2_-780868|Physical Interactions"
"Physical Interactions","1",,"H__sapiens__2_-787412|H__sapiens__2_-787705|Physical Interactions","IREF-SMALL-SCALE-STUDIES","1.3315368881160774E-5","0.0025283554568886757","false",,"H__sapiens__2_-787412|H__sapiens__2_-787705|Physical Interactions"
"Physical Interactions","1",,"H__sapiens__2_-787412|H__sapiens__2_-782385|Physical Interactions","IREF-SMALL-SCALE-STUDIES","1.8606340192685584E-5","0.003533018287271261","false",,"H__sapiens__2_-787412|H__sapiens__2_-782385|Physical Interactions"
"Physical Interactions","1",,"H__sapiens__2_-787412|H__sapiens__2_-782748|Physical Interactions","IREF-SMALL-SCALE-STUDIES","1.2949155907777425E-5","0.0024588180240243673","false",,"H__sapiens__2_-787412|H__sapiens__2_-782748|Physical Interactions"
"Physical Interactions","1",,"H__sapiens__2_-788097|H__sapiens__2_-774217|Physical Interactions","IREF-SMALL-SCALE-STUDIES|IREF-bind-translation","8.205308040660094E-4","0.005390220787376165|0.10394767671823502","false",,"H__sapiens__2_-788097|H__sapiens__2_-774217|Physical Interactions"
"Physical Interactions","1",,"H__sapiens__2_-788097|H__sapiens__2_-774722|Physical Interactions","IREF-SMALL-SCALE-STUDIES","2.262574034893365E-5","0.0042962320148944855","false",,"H__sapiens__2_-788097|H__sapiens__2_-774722|Physical Interactions"
"Physical Interactions","1",,"H__sapiens__2_-788097|H__sapiens__2_-787412|Physical Interactions","IREF-SMALL-SCALE-STUDIES","9.765627994909942E-6","0.0018543218029662967","false",,"H__sapiens__2_-788097|H__sapiens__2_-787412|Physical Interactions"
"Physical Interactions","1",,"H__sapiens__2_-775973|H__sapiens__2_-774409|Physical Interactions","IREF-SMALL-SCALE-STUDIES|IREF-spike","0.004409775902190073","0.011371958069503307|0.11987505108118057","false",,"H__sapiens__2_-775973|H__sapiens__2_-774409|Physical Interactions"
"Physical Interactions","1",,"H__sapiens__2_-775973|H__sapiens__2_-787705|Physical Interactions","IREF-SMALL-SCALE-STUDIES","3.406521634715308E-5","0.0064683882519602776","false",,"H__sapiens__2_-775973|H__sapiens__2_-787705|Physical Interactions"
"Physical Interactions","1",,"H__sapiens__2_-775973|H__sapiens__2_-787412|Physical Interactions","IREF-SMALL-SCALE-STUDIES|IREF-spike|Leung-Jones-2014","0.00251425717176919","0.00330764870159328|0.04929625988006592|0.0568070225417614","false",,"H__sapiens__2_-775973|H__sapiens__2_-787412|Physical Interactions"
"Physical Interactions","1",,"H__sapiens__2_-780964|H__sapiens__2_-810558|Physical Interactions","IREF-SMALL-SCALE-STUDIES|IREF-uniprotpp|Virok-Fülöp-2011","0.0020313783857882906","0.024619875475764275|0.075454480946064|0.05783149227499962","false",,"H__sapiens__2_-780964|H__sapiens__2_-810558|Physical Interactions"
"Physical Interactions","1",,"H__sapiens__2_-784320|H__sapiens__2_-774217|Physical Interactions","IREF-SMALL-SCALE-STUDIES","1.4659906494753543E-5","0.0027836596127599478","false",,"H__sapiens__2_-784320|H__sapiens__2_-774217|Physical Interactions"
"Physical Interactions","1",,"H__sapiens__2_-786281|H__sapiens__2_-782343|Physical Interactions","IREF-SMALL-SCALE-STUDIES|Kumar-Maddika-2017","0.009272317891396093","0.2646811306476593|0.22314071655273438","false",,"H__sapiens__2_-786281|H__sapiens__2_-782343|Physical Interactions"
"Physical Interactions","1",,"H__sapiens__2_-776510|H__sapiens__2_-784320|Physical Interactions","IREF-SMALL-SCALE-STUDIES","4.4898756961177695E-5","0.008525487966835499","false",,"H__sapiens__2_-776510|H__sapiens__2_-784320|Physical Interactions"
"Physical Interactions","1",,"H__sapiens__2_-781928|H__sapiens__2_-775973|Physical Interactions","IREF-SMALL-SCALE-STUDIES","1.464487079634558E-4","0.027808045968413353","false",,"H__sapiens__2_-781928|H__sapiens__2_-775973|Physical Interactions"
"Physical Interactions","1",,"H__sapiens__2_-776925|H__sapiens__2_-789897|Physical Interactions","IREF-SMALL-SCALE-STUDIES|IREF-spike","0.020143481714818896","0.2441406548023224|0.5475790500640869","false",,"H__sapiens__2_-776925|H__sapiens__2_-789897|Physical Interactions"
"Physical Interactions","1",,"H__sapiens__2_-786524|H__sapiens__2_-774532|Physical Interactions","IREF-spike","0.028592191352774923","0.777248203754425","false",,"H__sapiens__2_-786524|H__sapiens__2_-774532|Physical Interactions"
"Physical Interactions","1",,"H__sapiens__2_-783075|H__sapiens__2_-776881|Physical Interactions","IREF-spike","0.022357824751296513","0.6077736020088196","false",,"H__sapiens__2_-783075|H__sapiens__2_-776881|Physical Interactions"
"Physical Interactions","1",,"H__sapiens__2_-786309|H__sapiens__2_-773657|Physical Interactions","IREF-spike","0.021096211172838837","0.5734779834747314","false",,"H__sapiens__2_-786309|H__sapiens__2_-773657|Physical Interactions"
"Physical Interactions","1",,"H__sapiens__2_-778189|H__sapiens__2_-781386|Physical Interactions","IREF-spike","0.019837108169991114","0.5392506122589111","false",,"H__sapiens__2_-778189|H__sapiens__2_-781386|Physical Interactions"
"Physical Interactions","1",,"H__sapiens__2_-776881|H__sapiens__2_-781386|Physical Interactions","Kristensen-Foster-2012","0.0019838422755706782","0.0923248752951622","false",,"H__sapiens__2_-776881|H__sapiens__2_-781386|Physical Interactions"
"Physical Interactions","1",,"H__sapiens__2_-787412|H__sapiens__2_-774343|Physical Interactions","Kristensen-Foster-2012","0.0028416985852249693","0.1322481483221054","false",,"H__sapiens__2_-787412|H__sapiens__2_-774343|Physical Interactions"
"Physical Interactions","1",,"H__sapiens__2_-774225|H__sapiens__2_-785495|Physical Interactions","Kumar-Maddika-2017","0.007840393226174015","0.18868108093738556","false",,"H__sapiens__2_-774225|H__sapiens__2_-785495|Physical Interactions"
"Physical Interactions","1",,"H__sapiens__2_-784320|H__sapiens__2_-774225|Physical Interactions","Kumar-Maddika-2017","8.161745884782157E-4","0.0196414515376091","false",,"H__sapiens__2_-784320|H__sapiens__2_-774225|Physical Interactions"
"Physical Interactions","1",,"H__sapiens__2_-786281|H__sapiens__2_-784320|Physical Interactions","Kumar-Maddika-2017","0.0010270931918939924","0.024717262014746666","false",,"H__sapiens__2_-786281|H__sapiens__2_-784320|Physical Interactions"
"Physical Interactions","1",,"H__sapiens__2_-780030|H__sapiens__2_-787412|Physical Interactions","Kumar-Maddika-2017","0.005202237261962324","0.12519317865371704","false",,"H__sapiens__2_-780030|H__sapiens__2_-787412|Physical Interactions"
"Physical Interactions","1",,"H__sapiens__2_-775973|H__sapiens__2_-788097|Physical Interactions","Leung-Jones-2014","0.00251425717176919","0.0568070225417614","false",,"H__sapiens__2_-775973|H__sapiens__2_-788097|Physical Interactions"
"Physical Interactions","1",,"H__sapiens__2_-774722|H__sapiens__2_-781844|Physical Interactions","Liu-Varjosalo-2018","9.978458291786118E-5","0.027114322409033775","false",,"H__sapiens__2_-774722|H__sapiens__2_-781844|Physical Interactions"
"Physical Interactions","1",,"H__sapiens__2_-811977|H__sapiens__2_-774722|Physical Interactions","Liu-Varjosalo-2018","2.456761576582164E-4","0.06675723195075989","false",,"H__sapiens__2_-811977|H__sapiens__2_-774722|Physical Interactions"
"Physical Interactions","1",,"H__sapiens__2_-795919|H__sapiens__2_-810558|Physical Interactions","Moutaoufik-Babu-2019","0.0010105683226422177","0.014003402553498745","false",,"H__sapiens__2_-795919|H__sapiens__2_-810558|Physical Interactions"
"Physical Interactions","1",,"H__sapiens__2_-776881|H__sapiens__2_-810558|Physical Interactions","Moutaoufik-Babu-2019","0.002946133455445448","0.04082444682717323","false",,"H__sapiens__2_-776881|H__sapiens__2_-810558|Physical Interactions"
"Physical Interactions","1",,"H__sapiens__2_-776881|H__sapiens__2_-795919|Physical Interactions","Moutaoufik-Babu-2019","0.0018350339412210091","0.025427987799048424","false",,"H__sapiens__2_-776881|H__sapiens__2_-795919|Physical Interactions"
"Physical Interactions","1",,"H__sapiens__2_-773657|H__sapiens__2_-774343|Physical Interactions","Moutaoufik-Babu-2019","0.0015228547646822476","0.02110213413834572","false",,"H__sapiens__2_-773657|H__sapiens__2_-774343|Physical Interactions"
"Physical Interactions","1",,"H__sapiens__2_-782748|H__sapiens__2_-776881|Physical Interactions","Moutaoufik-Babu-2019|Wan-Emili-2015","0.014795039962919717","0.20501424372196198|0.008327069692313671","false",,"H__sapiens__2_-782748|H__sapiens__2_-776881|Physical Interactions"
"Physical Interactions","1",,"H__sapiens__2_-776510|H__sapiens__2_-774343|Physical Interactions","Moutaoufik-Babu-2019","0.015901825283716593","0.22035092115402222","false",,"H__sapiens__2_-776510|H__sapiens__2_-774343|Physical Interactions"
"Physical Interactions","1",,"H__sapiens__2_-776510|H__sapiens__2_-773657|Physical Interactions","Moutaoufik-Babu-2019","0.013801811149181858","0.19125111401081085","false",,"H__sapiens__2_-776510|H__sapiens__2_-773657|Physical Interactions"
"Physical Interactions","1",,"H__sapiens__2_-778972|H__sapiens__2_-810558|Physical Interactions","Moutaoufik-Babu-2019","0.0014518439070556098","0.020118139684200287","false",,"H__sapiens__2_-778972|H__sapiens__2_-810558|Physical Interactions"
"Physical Interactions","1",,"H__sapiens__2_-778972|H__sapiens__2_-795919|Physical Interactions","Moutaoufik-Babu-2019","9.04298158282519E-4","0.01253082137554884","false",,"H__sapiens__2_-778972|H__sapiens__2_-795919|Physical Interactions"
"Physical Interactions","1",,"H__sapiens__2_-778972|H__sapiens__2_-784320|Physical Interactions","Moutaoufik-Babu-2019","9.441159658603311E-4","0.013082575052976608","false",,"H__sapiens__2_-778972|H__sapiens__2_-784320|Physical Interactions"
"Physical Interactions","1",,"H__sapiens__2_-811977|H__sapiens__2_-779589|Physical Interactions","Moutaoufik-Babu-2019","0.021975512799108088","0.30451375246047974","false",,"H__sapiens__2_-811977|H__sapiens__2_-779589|Physical Interactions"
"Physical Interactions","1",,"H__sapiens__2_-774613|H__sapiens__2_-810558|Physical Interactions","Moutaoufik-Babu-2019","0.0023748369259274896","0.032908014953136444","false",,"H__sapiens__2_-774613|H__sapiens__2_-810558|Physical Interactions"
"Physical Interactions","1",,"H__sapiens__2_-774613|H__sapiens__2_-795919|Physical Interactions","Moutaoufik-Babu-2019","0.001479195315382576","0.020497146993875504","false",,"H__sapiens__2_-774613|H__sapiens__2_-795919|Physical Interactions"
"Physical Interactions","1",,"H__sapiens__2_-774613|H__sapiens__2_-776881|Physical Interactions","Moutaoufik-Babu-2019","0.004312332255350851","0.059755805879831314","false",,"H__sapiens__2_-774613|H__sapiens__2_-776881|Physical Interactions"
"Physical Interactions","1",,"H__sapiens__2_-780964|H__sapiens__2_-779623|Physical Interactions","Oláh-Ovádi-2011","3.936329307754695E-4","0.02322443388402462","false",,"H__sapiens__2_-780964|H__sapiens__2_-779623|Physical Interactions"
"Physical Interactions","1",,"H__sapiens__2_-780964|H__sapiens__2_-774823|Physical Interactions","Oláh-Ovádi-2011","3.936329307754695E-4","0.02322443388402462","false",,"H__sapiens__2_-780964|H__sapiens__2_-774823|Physical Interactions"
"Physical Interactions","1",,"H__sapiens__2_-780964|H__sapiens__2_-778086|Physical Interactions","Oláh-Ovádi-2011","3.936329307754695E-4","0.02322443388402462","false",,"H__sapiens__2_-780964|H__sapiens__2_-778086|Physical Interactions"
"Physical Interactions","1",,"H__sapiens__2_-780964|H__sapiens__2_-774217|Physical Interactions","Oláh-Ovádi-2011|Virok-Fülöp-2011","0.0020313783857882906","0.02322443388402462|0.05783149227499962","false",,"H__sapiens__2_-780964|H__sapiens__2_-774217|Physical Interactions"
"Physical Interactions","1",,"H__sapiens__2_-780964|H__sapiens__2_-774485|Physical Interactions","Oláh-Ovádi-2011|Virok-Fülöp-2011","0.0020313783857882906","0.02322443388402462|0.05783149227499962","false",,"H__sapiens__2_-780964|H__sapiens__2_-774485|Physical Interactions"
"Physical Interactions","1",,"H__sapiens__2_-780964|H__sapiens__2_-775125|Physical Interactions","Oláh-Ovádi-2011","3.936329307754695E-4","0.02322443388402462","false",,"H__sapiens__2_-780964|H__sapiens__2_-775125|Physical Interactions"
"Physical Interactions","1",,"H__sapiens__2_-780964|H__sapiens__2_-776881|Physical Interactions","Oláh-Ovádi-2011","3.936329307754695E-4","0.02322443388402462","false",,"H__sapiens__2_-780964|H__sapiens__2_-776881|Physical Interactions"
"Physical Interactions","1",,"H__sapiens__2_-780030|H__sapiens__2_-780964|Physical Interactions","Oláh-Ovádi-2011","3.936329307754695E-4","0.02322443388402462","false",,"H__sapiens__2_-780030|H__sapiens__2_-780964|Physical Interactions"
"Physical Interactions","1",,"H__sapiens__2_-786309|H__sapiens__2_-780964|Physical Interactions","Oláh-Ovádi-2011","3.936329307754695E-4","0.02322443388402462","false",,"H__sapiens__2_-786309|H__sapiens__2_-780964|Physical Interactions"
"Physical Interactions","1",,"H__sapiens__2_-780964|H__sapiens__2_-782605|Physical Interactions","Soler-López-Aloy-2011","0.012248168750271972","0.16943807899951935","false",,"H__sapiens__2_-780964|H__sapiens__2_-782605|Physical Interactions"
"Physical Interactions","1",,"H__sapiens__2_-774247|H__sapiens__2_-778132|Physical Interactions","Soler-López-Aloy-2011","0.009690569520672937","0.13405689597129822","false",,"H__sapiens__2_-774247|H__sapiens__2_-778132|Physical Interactions"
"Physical Interactions","1",,"H__sapiens__2_-774247|H__sapiens__2_-774343|Physical Interactions","Soler-López-Aloy-2011","0.016081504689947013","0.22246748208999634","false",,"H__sapiens__2_-774247|H__sapiens__2_-774343|Physical Interactions"
"Physical Interactions","1",,"H__sapiens__2_-778972|H__sapiens__2_-781232|Physical Interactions","Soler-López-Aloy-2011","0.0175728016006084","0.2430977076292038","false",,"H__sapiens__2_-778972|H__sapiens__2_-781232|Physical Interactions"
"Physical Interactions","1",,"H__sapiens__2_-778972|H__sapiens__2_-774247|Physical Interactions","Soler-López-Aloy-2011","6.811615734826667E-4","0.009423017501831055","false",,"H__sapiens__2_-778972|H__sapiens__2_-774247|Physical Interactions"
"Physical Interactions","1",,"H__sapiens__2_-782385|H__sapiens__2_-776881|Physical Interactions","Wan-Emili-2015","1.3463299980457222E-5","0.016911543905735016","false",,"H__sapiens__2_-782385|H__sapiens__2_-776881|Physical Interactions"
"Physical Interactions","1",,"H__sapiens__2_-774722|H__sapiens__2_-773657|Physical Interactions","Wan-Emili-2015","2.4434336115658476E-5","0.03069250099360943","false",,"H__sapiens__2_-774722|H__sapiens__2_-773657|Physical Interactions"
"Physical Interactions","1",,"H__sapiens__2_-783136|H__sapiens__2_-810558|Physical Interactions","Wan-Emili-2015","1.4815487844915216E-5","0.01861005648970604","false",,"H__sapiens__2_-783136|H__sapiens__2_-810558|Physical Interactions"
"Physical Interactions","1",,"H__sapiens__2_-774532|H__sapiens__2_-775125|Physical Interactions","Wan-Emili-2015","2.6817731786487514E-5","0.03368633612990379","false",,"H__sapiens__2_-774532|H__sapiens__2_-775125|Physical Interactions"
"Physical Interactions","1",,"H__sapiens__2_-783570|H__sapiens__2_-785433|Physical Interactions","Wan-Emili-2015","1.6761293005964343E-4","0.2105422466993332","false",,"H__sapiens__2_-783570|H__sapiens__2_-785433|Physical Interactions"
