"PATHWAY_ID","PATHWAY_NAME","GENE_ID","GENE_SYMBOL"
"bioplanet_1339","RXR/VDR pathway",19,"ABCA1"
"bioplanet_1339","RXR/VDR pathway",596,"BCL2"
"bioplanet_1339","RXR/VDR pathway",3164,"NR4A1"
"bioplanet_1339","RXR/VDR pathway",5465,"PPARA"
"bioplanet_1339","RXR/VDR pathway",5467,"PPARD"
"bioplanet_1339","RXR/VDR pathway",5468,"PPARG"
"bioplanet_1339","RXR/VDR pathway",5469,"MED1"
"bioplanet_1339","RXR/VDR pathway",5914,"RARA"
"bioplanet_1339","RXR/VDR pathway",5915,"RARB"
"bioplanet_1339","RXR/VDR pathway",5916,"RARG"
"bioplanet_1339","RXR/VDR pathway",6198,"RPS6KB1"
"bioplanet_1339","RXR/VDR pathway",6256,"RXRA"
"bioplanet_1339","RXR/VDR pathway",6257,"RXRB"
"bioplanet_1339","RXR/VDR pathway",6258,"RXRG"
"bioplanet_1339","RXR/VDR pathway",6720,"SREBF1"
"bioplanet_1339","RXR/VDR pathway",7040,"TGFB1"
"bioplanet_1339","RXR/VDR pathway",7067,"THRA"
"bioplanet_1339","RXR/VDR pathway",7068,"THRB"
"bioplanet_1339","RXR/VDR pathway",7124,"TNF"
"bioplanet_1339","RXR/VDR pathway",7376,"NR1H2"
"bioplanet_1339","RXR/VDR pathway",7421,"VDR"
"bioplanet_1339","RXR/VDR pathway",8648,"NCOA1"
"bioplanet_1339","RXR/VDR pathway",9612,"NCOR2"
"bioplanet_1339","RXR/VDR pathway",9971,"NR1H4"
"bioplanet_1339","RXR/VDR pathway",10062,"NR1H3"
"bioplanet_1339","RXR/VDR pathway",84498,"FAM120B"
"bioplanet_1354","Validated nuclear estrogen receptor alpha network",21,"ABCA3"
"bioplanet_1354","Validated nuclear estrogen receptor alpha network",162,"AP1B1"
"bioplanet_1354","Validated nuclear estrogen receptor alpha network",190,"NR0B1"
"bioplanet_1354","Validated nuclear estrogen receptor alpha network",322,"APBB1"
"bioplanet_1354","Validated nuclear estrogen receptor alpha network",522,"ATP5J"
"bioplanet_1354","Validated nuclear estrogen receptor alpha network",595,"CCND1"
"bioplanet_1354","Validated nuclear estrogen receptor alpha network",672,"BRCA1"
"bioplanet_1354","Validated nuclear estrogen receptor alpha network",718,"C3"
"bioplanet_1354","Validated nuclear estrogen receptor alpha network",1051,"CEBPB"
"bioplanet_1354","Validated nuclear estrogen receptor alpha network",1147,"CHUK"
"bioplanet_1354","Validated nuclear estrogen receptor alpha network",1509,"CTSD"
"bioplanet_1354","Validated nuclear estrogen receptor alpha network",1826,"DSCAM"
"bioplanet_1354","Validated nuclear estrogen receptor alpha network",2033,"EP300"
"bioplanet_1354","Validated nuclear estrogen receptor alpha network",2099,"ESR1"
"bioplanet_1354","Validated nuclear estrogen receptor alpha network",2100,"ESR2"
"bioplanet_1354","Validated nuclear estrogen receptor alpha network",3065,"HDAC1"
"bioplanet_1354","Validated nuclear estrogen receptor alpha network",3298,"HSF2"
"bioplanet_1354","Validated nuclear estrogen receptor alpha network",3725,"JUN"
"bioplanet_1354","Validated nuclear estrogen receptor alpha network",3732,"CD82"
"bioplanet_1354","Validated nuclear estrogen receptor alpha network",3823,"KLRC3"
"bioplanet_1354","Validated nuclear estrogen receptor alpha network",4089,"SMAD4"
"bioplanet_1354","Validated nuclear estrogen receptor alpha network",4350,"MPG"
"bioplanet_1354","Validated nuclear estrogen receptor alpha network",4609,"MYC"
"bioplanet_1354","Validated nuclear estrogen receptor alpha network",4731,"NDUFV3"
"bioplanet_1354","Validated nuclear estrogen receptor alpha network",4738,"NEDD8"
"bioplanet_1354","Validated nuclear estrogen receptor alpha network",5111,"PCNA"
"bioplanet_1354","Validated nuclear estrogen receptor alpha network",5241,"PGR"
"bioplanet_1354","Validated nuclear estrogen receptor alpha network",5457,"POU4F1"
"bioplanet_1354","Validated nuclear estrogen receptor alpha network",5458,"POU4F2"
"bioplanet_1354","Validated nuclear estrogen receptor alpha network",5469,"MED1"
"bioplanet_1354","Validated nuclear estrogen receptor alpha network",5617,"PRL"
"bioplanet_1354","Validated nuclear estrogen receptor alpha network",6294,"SAFB"
"bioplanet_1354","Validated nuclear estrogen receptor alpha network",6418,"SET"
"bioplanet_1354","Validated nuclear estrogen receptor alpha network",6647,"SOD1"
"bioplanet_1354","Validated nuclear estrogen receptor alpha network",6776,"STAT5A"
"bioplanet_1354","Validated nuclear estrogen receptor alpha network",7031,"TFF1"
"bioplanet_1354","Validated nuclear estrogen receptor alpha network",7494,"XBP1"
"bioplanet_1354","Validated nuclear estrogen receptor alpha network",8125,"ANP32A"
"bioplanet_1354","Validated nuclear estrogen receptor alpha network",8202,"NCOA3"
"bioplanet_1354","Validated nuclear estrogen receptor alpha network",8204,"NRIP1"
"bioplanet_1354","Validated nuclear estrogen receptor alpha network",8313,"AXIN2"
"bioplanet_1354","Validated nuclear estrogen receptor alpha network",8431,"NR0B2"
"bioplanet_1354","Validated nuclear estrogen receptor alpha network",8543,"LMO4"
"bioplanet_1354","Validated nuclear estrogen receptor alpha network",8648,"NCOA1"
"bioplanet_1354","Validated nuclear estrogen receptor alpha network",9039,"UBA3"
"bioplanet_1354","Validated nuclear estrogen receptor alpha network",9040,"UBE2M"
"bioplanet_1354","Validated nuclear estrogen receptor alpha network",9112,"MTA1"
"bioplanet_1354","Validated nuclear estrogen receptor alpha network",9166,"EBAG9"
"bioplanet_1354","Validated nuclear estrogen receptor alpha network",9611,"NCOR1"
"bioplanet_1354","Validated nuclear estrogen receptor alpha network",9612,"NCOR2"
"bioplanet_1354","Validated nuclear estrogen receptor alpha network",9687,"GREB1"
"bioplanet_1354","Validated nuclear estrogen receptor alpha network",9759,"HDAC4"
"bioplanet_1354","Validated nuclear estrogen receptor alpha network",10011,"SRA1"
"bioplanet_1354","Validated nuclear estrogen receptor alpha network",10499,"NCOA2"
"bioplanet_1354","Validated nuclear estrogen receptor alpha network",10521,"DDX17"
"bioplanet_1354","Validated nuclear estrogen receptor alpha network",11331,"PHB2"
"bioplanet_1354","Validated nuclear estrogen receptor alpha network",57658,"CALCOCO1"
"bioplanet_1354","Validated nuclear estrogen receptor alpha network",63977,"PRDM15"
"bioplanet_1354","Validated nuclear estrogen receptor alpha network",64714,"PDIA2"
"bioplanet_1354","Validated nuclear estrogen receptor alpha network",79039,"DDX54"
"bioplanet_1354","Validated nuclear estrogen receptor alpha network",80781,"COL18A1"
"bioplanet_1354","Validated nuclear estrogen receptor alpha network",84458,"LCOR"
"bioplanet_1354","Validated nuclear estrogen receptor alpha network",135112,"NCOA7"
"bioplanet_1354","Validated nuclear estrogen receptor alpha network",286827,"TRIM59"
"bioplanet_1704","Selenium pathway",12,"SERPINA3"
"bioplanet_1704","Selenium pathway",19,"ABCA1"
"bioplanet_1704","Selenium pathway",213,"ALB"
"bioplanet_1704","Selenium pathway",240,"ALOX5"
"bioplanet_1704","Selenium pathway",241,"ALOX5AP"
"bioplanet_1704","Selenium pathway",247,"ALOX15B"
"bioplanet_1704","Selenium pathway",335,"APOA1"
"bioplanet_1704","Selenium pathway",338,"APOB"
"bioplanet_1704","Selenium pathway",847,"CAT"
"bioplanet_1704","Selenium pathway",875,"CBS"
"bioplanet_1704","Selenium pathway",949,"SCARB1"
"bioplanet_1704","Selenium pathway",1401,"CRP"
"bioplanet_1704","Selenium pathway",1491,"CTH"
"bioplanet_1704","Selenium pathway",1733,"DIO1"
"bioplanet_1704","Selenium pathway",2147,"F2"
"bioplanet_1704","Selenium pathway",2155,"F7"
"bioplanet_1704","Selenium pathway",2678,"GGT1"
"bioplanet_1704","Selenium pathway",2936,"GSR"
"bioplanet_1704","Selenium pathway",3039,"HBA1"
"bioplanet_1704","Selenium pathway",3040,"HBA2"
"bioplanet_1704","Selenium pathway",3043,"HBB"
"bioplanet_1704","Selenium pathway",3383,"ICAM1"
"bioplanet_1704","Selenium pathway",3458,"IFNG"
"bioplanet_1704","Selenium pathway",3553,"IL1B"
"bioplanet_1704","Selenium pathway",3569,"IL6"
"bioplanet_1704","Selenium pathway",3630,"INS"
"bioplanet_1704","Selenium pathway",3643,"INSR"
"bioplanet_1704","Selenium pathway",3949,"LDLR"
"bioplanet_1704","Selenium pathway",4353,"MPO"
"bioplanet_1704","Selenium pathway",4524,"MTHFR"
"bioplanet_1704","Selenium pathway",4548,"MTR"
"bioplanet_1704","Selenium pathway",4790,"NFKB1"
"bioplanet_1704","Selenium pathway",4791,"NFKB2"
"bioplanet_1704","Selenium pathway",5052,"PRDX1"
"bioplanet_1704","Selenium pathway",5054,"SERPINE1"
"bioplanet_1704","Selenium pathway",5327,"PLAT"
"bioplanet_1704","Selenium pathway",5340,"PLG"
"bioplanet_1704","Selenium pathway",5742,"PTGS1"
"bioplanet_1704","Selenium pathway",5743,"PTGS2"
"bioplanet_1704","Selenium pathway",5970,"RELA"
"bioplanet_1704","Selenium pathway",6288,"SAA1"
"bioplanet_1704","Selenium pathway",6289,"SAA2"
"bioplanet_1704","Selenium pathway",6291,"SAA4"
"bioplanet_1704","Selenium pathway",6347,"CCL2"
"bioplanet_1704","Selenium pathway",6647,"SOD1"
"bioplanet_1704","Selenium pathway",6648,"SOD2"
"bioplanet_1704","Selenium pathway",6649,"SOD3"
"bioplanet_1704","Selenium pathway",7001,"PRDX2"
"bioplanet_1704","Selenium pathway",7124,"TNF"
"bioplanet_1704","Selenium pathway",7295,"TXN"
"bioplanet_1704","Selenium pathway",7498,"XDH"
"bioplanet_1704","Selenium pathway",8564,"KMO"
"bioplanet_1704","Selenium pathway",8942,"KYNU"
"bioplanet_1704","Selenium pathway",10549,"PRDX4"
"bioplanet_1704","Selenium pathway",10935,"PRDX3"
"bioplanet_1704","Selenium pathway",25824,"PRDX5"
"bioplanet_1704","Selenium pathway",55163,"PNPO"
"bioplanet_1704","Selenium pathway",55312,"RFK"
"bioplanet_1704","Selenium pathway",80308,"FLAD1"
"bioplanet_1704","Selenium pathway",100528017,"SAA2-SAA4"
"bioplanet_1743","Mitochondrial fatty acid beta-oxidation",33,"ACADL"
"bioplanet_1743","Mitochondrial fatty acid beta-oxidation",34,"ACADM"
"bioplanet_1743","Mitochondrial fatty acid beta-oxidation",35,"ACADS"
"bioplanet_1743","Mitochondrial fatty acid beta-oxidation",37,"ACADVL"
"bioplanet_1743","Mitochondrial fatty acid beta-oxidation",788,"SLC25A20"
"bioplanet_1743","Mitochondrial fatty acid beta-oxidation",1374,"CPT1A"
"bioplanet_1743","Mitochondrial fatty acid beta-oxidation",1376,"CPT2"
"bioplanet_1743","Mitochondrial fatty acid beta-oxidation",1632,"ECI1"
"bioplanet_1743","Mitochondrial fatty acid beta-oxidation",1666,"DECR1"
"bioplanet_1743","Mitochondrial fatty acid beta-oxidation",1892,"ECHS1"
"bioplanet_1743","Mitochondrial fatty acid beta-oxidation",1962,"EHHADH"
"bioplanet_1743","Mitochondrial fatty acid beta-oxidation",2180,"ACSL1"
"bioplanet_1743","Mitochondrial fatty acid beta-oxidation",2181,"ACSL3"
"bioplanet_1743","Mitochondrial fatty acid beta-oxidation",2182,"ACSL4"
"bioplanet_1743","Mitochondrial fatty acid beta-oxidation",3030,"HADHA"
"bioplanet_1743","Mitochondrial fatty acid beta-oxidation",3032,"HADHB"
"bioplanet_1743","Mitochondrial fatty acid beta-oxidation",3033,"HADH"
"bioplanet_1743","Mitochondrial fatty acid beta-oxidation",4594,"MUT"
"bioplanet_1743","Mitochondrial fatty acid beta-oxidation",5095,"PCCA"
"bioplanet_1743","Mitochondrial fatty acid beta-oxidation",5096,"PCCB"
"bioplanet_1743","Mitochondrial fatty acid beta-oxidation",6342,"SCP2"
"bioplanet_1743","Mitochondrial fatty acid beta-oxidation",55825,"PECR"
"bioplanet_1743","Mitochondrial fatty acid beta-oxidation",84693,"MCEE"
"bioplanet_1753","Class A GPCRs (rhodopsin-like)",134,"ADORA1"
"bioplanet_1753","Class A GPCRs (rhodopsin-like)",135,"ADORA2A"
"bioplanet_1753","Class A GPCRs (rhodopsin-like)",136,"ADORA2B"
"bioplanet_1753","Class A GPCRs (rhodopsin-like)",140,"ADORA3"
"bioplanet_1753","Class A GPCRs (rhodopsin-like)",146,"ADRA1D"
"bioplanet_1753","Class A GPCRs (rhodopsin-like)",147,"ADRA1B"
"bioplanet_1753","Class A GPCRs (rhodopsin-like)",148,"ADRA1A"
"bioplanet_1753","Class A GPCRs (rhodopsin-like)",150,"ADRA2A"
"bioplanet_1753","Class A GPCRs (rhodopsin-like)",151,"ADRA2B"
"bioplanet_1753","Class A GPCRs (rhodopsin-like)",152,"ADRA2C"
"bioplanet_1753","Class A GPCRs (rhodopsin-like)",153,"ADRB1"
"bioplanet_1753","Class A GPCRs (rhodopsin-like)",154,"ADRB2"
"bioplanet_1753","Class A GPCRs (rhodopsin-like)",155,"ADRB3"
"bioplanet_1753","Class A GPCRs (rhodopsin-like)",185,"AGTR1"
"bioplanet_1753","Class A GPCRs (rhodopsin-like)",186,"AGTR2"
"bioplanet_1753","Class A GPCRs (rhodopsin-like)",187,"APLNR"
"bioplanet_1753","Class A GPCRs (rhodopsin-like)",552,"AVPR1A"
"bioplanet_1753","Class A GPCRs (rhodopsin-like)",553,"AVPR1B"
"bioplanet_1753","Class A GPCRs (rhodopsin-like)",554,"AVPR2"
"bioplanet_1753","Class A GPCRs (rhodopsin-like)",611,"OPN1SW"
"bioplanet_1753","Class A GPCRs (rhodopsin-like)",623,"BDKRB1"
"bioplanet_1753","Class A GPCRs (rhodopsin-like)",624,"BDKRB2"
"bioplanet_1753","Class A GPCRs (rhodopsin-like)",643,"CXCR5"
"bioplanet_1753","Class A GPCRs (rhodopsin-like)",680,"BRS3"
"bioplanet_1753","Class A GPCRs (rhodopsin-like)",719,"C3AR1"
"bioplanet_1753","Class A GPCRs (rhodopsin-like)",886,"CCKAR"
"bioplanet_1753","Class A GPCRs (rhodopsin-like)",887,"CCKBR"
"bioplanet_1753","Class A GPCRs (rhodopsin-like)",1128,"CHRM1"
"bioplanet_1753","Class A GPCRs (rhodopsin-like)",1129,"CHRM2"
"bioplanet_1753","Class A GPCRs (rhodopsin-like)",1131,"CHRM3"
"bioplanet_1753","Class A GPCRs (rhodopsin-like)",1132,"CHRM4"
"bioplanet_1753","Class A GPCRs (rhodopsin-like)",1133,"CHRM5"
"bioplanet_1753","Class A GPCRs (rhodopsin-like)",1230,"CCR1"
"bioplanet_1753","Class A GPCRs (rhodopsin-like)",1232,"CCR3"
"bioplanet_1753","Class A GPCRs (rhodopsin-like)",1233,"CCR4"
"bioplanet_1753","Class A GPCRs (rhodopsin-like)",1234,"CCR5"
"bioplanet_1753","Class A GPCRs (rhodopsin-like)",1235,"CCR6"
"bioplanet_1753","Class A GPCRs (rhodopsin-like)",1236,"CCR7"
"bioplanet_1753","Class A GPCRs (rhodopsin-like)",1237,"CCR8"
"bioplanet_1753","Class A GPCRs (rhodopsin-like)",1238,"ACKR2"
"bioplanet_1753","Class A GPCRs (rhodopsin-like)",1240,"CMKLR1"
"bioplanet_1753","Class A GPCRs (rhodopsin-like)",1241,"LTB4R"
"bioplanet_1753","Class A GPCRs (rhodopsin-like)",1268,"CNR1"
"bioplanet_1753","Class A GPCRs (rhodopsin-like)",1269,"CNR2"
"bioplanet_1753","Class A GPCRs (rhodopsin-like)",1524,"CX3CR1"
"bioplanet_1753","Class A GPCRs (rhodopsin-like)",1812,"DRD1"
"bioplanet_1753","Class A GPCRs (rhodopsin-like)",1813,"DRD2"
"bioplanet_1753","Class A GPCRs (rhodopsin-like)",1814,"DRD3"
"bioplanet_1753","Class A GPCRs (rhodopsin-like)",1815,"DRD4"
"bioplanet_1753","Class A GPCRs (rhodopsin-like)",1816,"DRD5"
"bioplanet_1753","Class A GPCRs (rhodopsin-like)",1909,"EDNRA"
"bioplanet_1753","Class A GPCRs (rhodopsin-like)",1910,"EDNRB"
"bioplanet_1753","Class A GPCRs (rhodopsin-like)",2149,"F2R"
"bioplanet_1753","Class A GPCRs (rhodopsin-like)",2150,"F2RL1"
"bioplanet_1753","Class A GPCRs (rhodopsin-like)",2151,"F2RL2"
"bioplanet_1753","Class A GPCRs (rhodopsin-like)",2357,"FPR1"
"bioplanet_1753","Class A GPCRs (rhodopsin-like)",2358,"FPR2"
"bioplanet_1753","Class A GPCRs (rhodopsin-like)",2359,"FPR3"
"bioplanet_1753","Class A GPCRs (rhodopsin-like)",2492,"FSHR"
"bioplanet_1753","Class A GPCRs (rhodopsin-like)",2587,"GALR1"
"bioplanet_1753","Class A GPCRs (rhodopsin-like)",2652,"OPN1MW"
"bioplanet_1753","Class A GPCRs (rhodopsin-like)",2693,"GHSR"
"bioplanet_1753","Class A GPCRs (rhodopsin-like)",2825,"GPR1"
"bioplanet_1753","Class A GPCRs (rhodopsin-like)",2826,"CCR10"
"bioplanet_1753","Class A GPCRs (rhodopsin-like)",2827,"GPR3"
"bioplanet_1753","Class A GPCRs (rhodopsin-like)",2828,"GPR4"
"bioplanet_1753","Class A GPCRs (rhodopsin-like)",2829,"XCR1"
"bioplanet_1753","Class A GPCRs (rhodopsin-like)",2830,"GPR6"
"bioplanet_1753","Class A GPCRs (rhodopsin-like)",2831,"NPBWR1"
"bioplanet_1753","Class A GPCRs (rhodopsin-like)",2832,"NPBWR2"
"bioplanet_1753","Class A GPCRs (rhodopsin-like)",2833,"CXCR3"
"bioplanet_1753","Class A GPCRs (rhodopsin-like)",2834,"PRLHR"
"bioplanet_1753","Class A GPCRs (rhodopsin-like)",2835,"GPR12"
"bioplanet_1753","Class A GPCRs (rhodopsin-like)",2838,"GPR15"
"bioplanet_1753","Class A GPCRs (rhodopsin-like)",2840,"GPR17"
"bioplanet_1753","Class A GPCRs (rhodopsin-like)",2841,"GPR18"
"bioplanet_1753","Class A GPCRs (rhodopsin-like)",2842,"GPR19"
"bioplanet_1753","Class A GPCRs (rhodopsin-like)",2843,"GPR20"
"bioplanet_1753","Class A GPCRs (rhodopsin-like)",2844,"GPR21"
"bioplanet_1753","Class A GPCRs (rhodopsin-like)",2845,"GPR22"
"bioplanet_1753","Class A GPCRs (rhodopsin-like)",2846,"LPAR4"
"bioplanet_1753","Class A GPCRs (rhodopsin-like)",2847,"MCHR1"
"bioplanet_1753","Class A GPCRs (rhodopsin-like)",2848,"GPR25"
"bioplanet_1753","Class A GPCRs (rhodopsin-like)",2850,"GPR27"
"bioplanet_1753","Class A GPCRs (rhodopsin-like)",2852,"GPER1"
"bioplanet_1753","Class A GPCRs (rhodopsin-like)",2853,"GPR31"
"bioplanet_1753","Class A GPCRs (rhodopsin-like)",2854,"GPR32"
"bioplanet_1753","Class A GPCRs (rhodopsin-like)",2857,"GPR34"
"bioplanet_1753","Class A GPCRs (rhodopsin-like)",2859,"GPR35"
"bioplanet_1753","Class A GPCRs (rhodopsin-like)",2861,"GPR37"
"bioplanet_1753","Class A GPCRs (rhodopsin-like)",2862,"MLNR"
"bioplanet_1753","Class A GPCRs (rhodopsin-like)",2863,"GPR39"
"bioplanet_1753","Class A GPCRs (rhodopsin-like)",2864,"FFAR1"
"bioplanet_1753","Class A GPCRs (rhodopsin-like)",2865,"FFAR3"
"bioplanet_1753","Class A GPCRs (rhodopsin-like)",2867,"FFAR2"
"bioplanet_1753","Class A GPCRs (rhodopsin-like)",2925,"GRPR"
"bioplanet_1753","Class A GPCRs (rhodopsin-like)",3061,"HCRTR1"
"bioplanet_1753","Class A GPCRs (rhodopsin-like)",3062,"HCRTR2"
"bioplanet_1753","Class A GPCRs (rhodopsin-like)",3269,"HRH1"
"bioplanet_1753","Class A GPCRs (rhodopsin-like)",3274,"HRH2"
"bioplanet_1753","Class A GPCRs (rhodopsin-like)",3350,"HTR1A"
"bioplanet_1753","Class A GPCRs (rhodopsin-like)",3351,"HTR1B"
"bioplanet_1753","Class A GPCRs (rhodopsin-like)",3352,"HTR1D"
"bioplanet_1753","Class A GPCRs (rhodopsin-like)",3354,"HTR1E"
"bioplanet_1753","Class A GPCRs (rhodopsin-like)",3355,"HTR1F"
"bioplanet_1753","Class A GPCRs (rhodopsin-like)",3356,"HTR2A"
"bioplanet_1753","Class A GPCRs (rhodopsin-like)",3357,"HTR2B"
"bioplanet_1753","Class A GPCRs (rhodopsin-like)",3358,"HTR2C"
"bioplanet_1753","Class A GPCRs (rhodopsin-like)",3360,"HTR4"
"bioplanet_1753","Class A GPCRs (rhodopsin-like)",3361,"HTR5A"
"bioplanet_1753","Class A GPCRs (rhodopsin-like)",3362,"HTR6"
"bioplanet_1753","Class A GPCRs (rhodopsin-like)",3363,"HTR7"
"bioplanet_1753","Class A GPCRs (rhodopsin-like)",3577,"CXCR1"
"bioplanet_1753","Class A GPCRs (rhodopsin-like)",3579,"CXCR2"
"bioplanet_1753","Class A GPCRs (rhodopsin-like)",3973,"LHCGR"
"bioplanet_1753","Class A GPCRs (rhodopsin-like)",4142,"MAS1"
"bioplanet_1753","Class A GPCRs (rhodopsin-like)",4158,"MC2R"
"bioplanet_1753","Class A GPCRs (rhodopsin-like)",4159,"MC3R"
"bioplanet_1753","Class A GPCRs (rhodopsin-like)",4160,"MC4R"
"bioplanet_1753","Class A GPCRs (rhodopsin-like)",4161,"MC5R"
"bioplanet_1753","Class A GPCRs (rhodopsin-like)",4543,"MTNR1A"
"bioplanet_1753","Class A GPCRs (rhodopsin-like)",4544,"MTNR1B"
"bioplanet_1753","Class A GPCRs (rhodopsin-like)",4829,"NMBR"
"bioplanet_1753","Class A GPCRs (rhodopsin-like)",4886,"NPY1R"
"bioplanet_1753","Class A GPCRs (rhodopsin-like)",4887,"NPY2R"
"bioplanet_1753","Class A GPCRs (rhodopsin-like)",4889,"NPY5R"
"bioplanet_1753","Class A GPCRs (rhodopsin-like)",4923,"NTSR1"
"bioplanet_1753","Class A GPCRs (rhodopsin-like)",4985,"OPRD1"
"bioplanet_1753","Class A GPCRs (rhodopsin-like)",4986,"OPRK1"
"bioplanet_1753","Class A GPCRs (rhodopsin-like)",4987,"OPRL1"
"bioplanet_1753","Class A GPCRs (rhodopsin-like)",4988,"OPRM1"
"bioplanet_1753","Class A GPCRs (rhodopsin-like)",4991,"OR1D2"
"bioplanet_1753","Class A GPCRs (rhodopsin-like)",4992,"OR1F1"
"bioplanet_1753","Class A GPCRs (rhodopsin-like)",4993,"OR2C1"
"bioplanet_1753","Class A GPCRs (rhodopsin-like)",4994,"OR3A1"
"bioplanet_1753","Class A GPCRs (rhodopsin-like)",4995,"OR3A2"
"bioplanet_1753","Class A GPCRs (rhodopsin-like)",5021,"OXTR"
"bioplanet_1753","Class A GPCRs (rhodopsin-like)",5028,"P2RY1"
"bioplanet_1753","Class A GPCRs (rhodopsin-like)",5029,"P2RY2"
"bioplanet_1753","Class A GPCRs (rhodopsin-like)",5030,"P2RY4"
"bioplanet_1753","Class A GPCRs (rhodopsin-like)",5031,"P2RY6"
"bioplanet_1753","Class A GPCRs (rhodopsin-like)",5032,"P2RY11"
"bioplanet_1753","Class A GPCRs (rhodopsin-like)",5540,"NPY4R"
"bioplanet_1753","Class A GPCRs (rhodopsin-like)",5724,"PTAFR"
"bioplanet_1753","Class A GPCRs (rhodopsin-like)",5729,"PTGDR"
"bioplanet_1753","Class A GPCRs (rhodopsin-like)",5731,"PTGER1"
"bioplanet_1753","Class A GPCRs (rhodopsin-like)",5732,"PTGER2"
"bioplanet_1753","Class A GPCRs (rhodopsin-like)",5733,"PTGER3"
"bioplanet_1753","Class A GPCRs (rhodopsin-like)",5734,"PTGER4"
"bioplanet_1753","Class A GPCRs (rhodopsin-like)",5737,"PTGFR"
"bioplanet_1753","Class A GPCRs (rhodopsin-like)",5739,"PTGIR"
"bioplanet_1753","Class A GPCRs (rhodopsin-like)",5956,"OPN1LW"
"bioplanet_1753","Class A GPCRs (rhodopsin-like)",6010,"RHO"
"bioplanet_1753","Class A GPCRs (rhodopsin-like)",6751,"SSTR1"
"bioplanet_1753","Class A GPCRs (rhodopsin-like)",6752,"SSTR2"
"bioplanet_1753","Class A GPCRs (rhodopsin-like)",6753,"SSTR3"
"bioplanet_1753","Class A GPCRs (rhodopsin-like)",6754,"SSTR4"
"bioplanet_1753","Class A GPCRs (rhodopsin-like)",6755,"SSTR5"
"bioplanet_1753","Class A GPCRs (rhodopsin-like)",6915,"TBXA2R"
"bioplanet_1753","Class A GPCRs (rhodopsin-like)",7201,"TRHR"
"bioplanet_1753","Class A GPCRs (rhodopsin-like)",7852,"CXCR4"
"bioplanet_1753","Class A GPCRs (rhodopsin-like)",7932,"OR2H2"
"bioplanet_1753","Class A GPCRs (rhodopsin-like)",8111,"GPR68"
"bioplanet_1753","Class A GPCRs (rhodopsin-like)",8383,"OR1A1"
"bioplanet_1753","Class A GPCRs (rhodopsin-like)",8387,"OR1E1"
"bioplanet_1753","Class A GPCRs (rhodopsin-like)",8390,"OR1G1"
"bioplanet_1753","Class A GPCRs (rhodopsin-like)",8392,"OR3A3"
"bioplanet_1753","Class A GPCRs (rhodopsin-like)",8477,"GPR65"
"bioplanet_1753","Class A GPCRs (rhodopsin-like)",8484,"GALR3"
"bioplanet_1753","Class A GPCRs (rhodopsin-like)",8590,"OR6A2"
"bioplanet_1753","Class A GPCRs (rhodopsin-like)",8811,"GALR2"
"bioplanet_1753","Class A GPCRs (rhodopsin-like)",8843,"HCAR3"
"bioplanet_1753","Class A GPCRs (rhodopsin-like)",9002,"F2RL3"
"bioplanet_1753","Class A GPCRs (rhodopsin-like)",9034,"CCRL2"
"bioplanet_1753","Class A GPCRs (rhodopsin-like)",9248,"GPR50"
"bioplanet_1753","Class A GPCRs (rhodopsin-like)",9283,"GPR37L1"
"bioplanet_1753","Class A GPCRs (rhodopsin-like)",9293,"GPR52"
"bioplanet_1753","Class A GPCRs (rhodopsin-like)",9934,"P2RY14"
"bioplanet_1753","Class A GPCRs (rhodopsin-like)",10161,"LPAR6"
"bioplanet_1753","Class A GPCRs (rhodopsin-like)",10316,"NMUR1"
"bioplanet_1753","Class A GPCRs (rhodopsin-like)",10692,"RRH"
"bioplanet_1753","Class A GPCRs (rhodopsin-like)",10798,"OR5I1"
"bioplanet_1753","Class A GPCRs (rhodopsin-like)",10800,"CYSLTR1"
"bioplanet_1753","Class A GPCRs (rhodopsin-like)",10803,"CCR9"
"bioplanet_1753","Class A GPCRs (rhodopsin-like)",10886,"NPFFR2"
"bioplanet_1753","Class A GPCRs (rhodopsin-like)",10888,"GPR83"
"bioplanet_1753","Class A GPCRs (rhodopsin-like)",10936,"GPR75"
"bioplanet_1753","Class A GPCRs (rhodopsin-like)",11250,"GPR45"
"bioplanet_1753","Class A GPCRs (rhodopsin-like)",11251,"PTGDR2"
"bioplanet_1753","Class A GPCRs (rhodopsin-like)",11255,"HRH3"
"bioplanet_1753","Class A GPCRs (rhodopsin-like)",23384,"SPECC1L"
"bioplanet_1753","Class A GPCRs (rhodopsin-like)",23432,"GPR161"
"bioplanet_1753","Class A GPCRs (rhodopsin-like)",23596,"OPN3"
"bioplanet_1753","Class A GPCRs (rhodopsin-like)",23620,"NTSR2"
"bioplanet_1753","Class A GPCRs (rhodopsin-like)",26188,"OR1C1"
"bioplanet_1753","Class A GPCRs (rhodopsin-like)",26189,"OR1A2"
"bioplanet_1753","Class A GPCRs (rhodopsin-like)",26211,"OR2F1"
"bioplanet_1753","Class A GPCRs (rhodopsin-like)",26212,"OR2B6"
"bioplanet_1753","Class A GPCRs (rhodopsin-like)",26333,"OR7A17"
"bioplanet_1753","Class A GPCRs (rhodopsin-like)",26476,"OR10J1"
"bioplanet_1753","Class A GPCRs (rhodopsin-like)",26493,"OR8B8"
"bioplanet_1753","Class A GPCRs (rhodopsin-like)",26531,"OR11A1"
"bioplanet_1753","Class A GPCRs (rhodopsin-like)",26532,"OR10H3"
"bioplanet_1753","Class A GPCRs (rhodopsin-like)",26538,"OR10H2"
"bioplanet_1753","Class A GPCRs (rhodopsin-like)",26539,"OR10H1"
"bioplanet_1753","Class A GPCRs (rhodopsin-like)",26658,"OR7C2"
"bioplanet_1753","Class A GPCRs (rhodopsin-like)",26659,"OR7A5"
"bioplanet_1753","Class A GPCRs (rhodopsin-like)",26664,"OR7C1"
"bioplanet_1753","Class A GPCRs (rhodopsin-like)",26692,"OR2W1"
"bioplanet_1753","Class A GPCRs (rhodopsin-like)",26696,"OR2T1"
"bioplanet_1753","Class A GPCRs (rhodopsin-like)",26707,"OR2J2"
"bioplanet_1753","Class A GPCRs (rhodopsin-like)",26716,"OR2H1"
"bioplanet_1753","Class A GPCRs (rhodopsin-like)",27198,"HCAR1"
"bioplanet_1753","Class A GPCRs (rhodopsin-like)",27202,"C5AR2"
"bioplanet_1753","Class A GPCRs (rhodopsin-like)",27334,"P2RY10"
"bioplanet_1753","Class A GPCRs (rhodopsin-like)",29909,"GPR171"
"bioplanet_1753","Class A GPCRs (rhodopsin-like)",51554,"ACKR4"
"bioplanet_1753","Class A GPCRs (rhodopsin-like)",53829,"P2RY13"
"bioplanet_1753","Class A GPCRs (rhodopsin-like)",53836,"GPR87"
"bioplanet_1753","Class A GPCRs (rhodopsin-like)",54328,"GPR173"
"bioplanet_1753","Class A GPCRs (rhodopsin-like)",54329,"GPR85"
"bioplanet_1753","Class A GPCRs (rhodopsin-like)",56656,"OR2S2"
"bioplanet_1753","Class A GPCRs (rhodopsin-like)",56670,"SUCNR1"
"bioplanet_1753","Class A GPCRs (rhodopsin-like)",56923,"NMUR2"
"bioplanet_1753","Class A GPCRs (rhodopsin-like)",57007,"ACKR3"
"bioplanet_1753","Class A GPCRs (rhodopsin-like)",57105,"CYSLTR2"
"bioplanet_1753","Class A GPCRs (rhodopsin-like)",57121,"LPAR5"
"bioplanet_1753","Class A GPCRs (rhodopsin-like)",64106,"NPFFR1"
"bioplanet_1753","Class A GPCRs (rhodopsin-like)",64805,"P2RY12"
"bioplanet_1753","Class A GPCRs (rhodopsin-like)",79541,"OR2A4"
"bioplanet_1753","Class A GPCRs (rhodopsin-like)",81491,"GPR63"
"bioplanet_1753","Class A GPCRs (rhodopsin-like)",81696,"OR5V1"
"bioplanet_1753","Class A GPCRs (rhodopsin-like)",81697,"OR2B2"
"bioplanet_1753","Class A GPCRs (rhodopsin-like)",81797,"OR12D3"
"bioplanet_1753","Class A GPCRs (rhodopsin-like)",84636,"GPR174"
"bioplanet_1753","Class A GPCRs (rhodopsin-like)",94233,"OPN4"
"bioplanet_1753","Class A GPCRs (rhodopsin-like)",116511,"MAS1L"
"bioplanet_1753","Class A GPCRs (rhodopsin-like)",120776,"OR2D2"
"bioplanet_1753","Class A GPCRs (rhodopsin-like)",126370,"OR1I1"
"bioplanet_1753","Class A GPCRs (rhodopsin-like)",135946,"OR6B1"
"bioplanet_1753","Class A GPCRs (rhodopsin-like)",135948,"OR2F2"
"bioplanet_1753","Class A GPCRs (rhodopsin-like)",144124,"OR10A5"
"bioplanet_1753","Class A GPCRs (rhodopsin-like)",144125,"OR2AG1"
"bioplanet_1753","Class A GPCRs (rhodopsin-like)",158131,"OR1Q1"
"bioplanet_1753","Class A GPCRs (rhodopsin-like)",266747,"RGL4"
"bioplanet_1753","Class A GPCRs (rhodopsin-like)",283160,"OR8D2"
"bioplanet_1753","Class A GPCRs (rhodopsin-like)",283297,"OR10A4"
"bioplanet_1753","Class A GPCRs (rhodopsin-like)",338674,"OR5F1"
"bioplanet_1753","Class A GPCRs (rhodopsin-like)",390892,"OR7A10"
"bioplanet_1753","Class A GPCRs (rhodopsin-like)",442184,"OR2B3"
"bioplanet_1753","Class A GPCRs (rhodopsin-like)",442186,"OR2J3"
"bioplanet_1753","Class A GPCRs (rhodopsin-like)",442191,"OR14J1"
"bioplanet_1753","Class A GPCRs (rhodopsin-like)",728458,"OPN1MW2"
"bioplanet_227","ERBB signaling pathway",25,"ABL1"
"bioplanet_227","ERBB signaling pathway",27,"ABL2"
"bioplanet_227","ERBB signaling pathway",207,"AKT1"
"bioplanet_227","ERBB signaling pathway",208,"AKT2"
"bioplanet_227","ERBB signaling pathway",369,"ARAF"
"bioplanet_227","ERBB signaling pathway",374,"AREG"
"bioplanet_227","ERBB signaling pathway",572,"BAD"
"bioplanet_227","ERBB signaling pathway",595,"CCND1"
"bioplanet_227","ERBB signaling pathway",673,"BRAF"
"bioplanet_227","ERBB signaling pathway",685,"BTC"
"bioplanet_227","ERBB signaling pathway",815,"CAMK2A"
"bioplanet_227","ERBB signaling pathway",816,"CAMK2B"
"bioplanet_227","ERBB signaling pathway",817,"CAMK2D"
"bioplanet_227","ERBB signaling pathway",818,"CAMK2G"
"bioplanet_227","ERBB signaling pathway",867,"CBL"
"bioplanet_227","ERBB signaling pathway",868,"CBLB"
"bioplanet_227","ERBB signaling pathway",1026,"CDKN1A"
"bioplanet_227","ERBB signaling pathway",1027,"CDKN1B"
"bioplanet_227","ERBB signaling pathway",1398,"CRK"
"bioplanet_227","ERBB signaling pathway",1399,"CRKL"
"bioplanet_227","ERBB signaling pathway",1839,"HBEGF"
"bioplanet_227","ERBB signaling pathway",1950,"EGF"
"bioplanet_227","ERBB signaling pathway",1956,"EGFR"
"bioplanet_227","ERBB signaling pathway",1978,"EIF4EBP1"
"bioplanet_227","ERBB signaling pathway",2002,"ELK1"
"bioplanet_227","ERBB signaling pathway",2064,"ERBB2"
"bioplanet_227","ERBB signaling pathway",2065,"ERBB3"
"bioplanet_227","ERBB signaling pathway",2066,"ERBB4"
"bioplanet_227","ERBB signaling pathway",2069,"EREG"
"bioplanet_227","ERBB signaling pathway",2308,"FOXO1"
"bioplanet_227","ERBB signaling pathway",2475,"MTOR"
"bioplanet_227","ERBB signaling pathway",2549,"GAB1"
"bioplanet_227","ERBB signaling pathway",2885,"GRB2"
"bioplanet_227","ERBB signaling pathway",2932,"GSK3B"
"bioplanet_227","ERBB signaling pathway",3084,"NRG1"
"bioplanet_227","ERBB signaling pathway",3265,"HRAS"
"bioplanet_227","ERBB signaling pathway",3320,"HSP90AA1"
"bioplanet_227","ERBB signaling pathway",3725,"JUN"
"bioplanet_227","ERBB signaling pathway",3845,"KRAS"
"bioplanet_227","ERBB signaling pathway",4193,"MDM2"
"bioplanet_227","ERBB signaling pathway",4609,"MYC"
"bioplanet_227","ERBB signaling pathway",4690,"NCK1"
"bioplanet_227","ERBB signaling pathway",4893,"NRAS"
"bioplanet_227","ERBB signaling pathway",5058,"PAK1"
"bioplanet_227","ERBB signaling pathway",5062,"PAK2"
"bioplanet_227","ERBB signaling pathway",5063,"PAK3"
"bioplanet_227","ERBB signaling pathway",5163,"PDK1"
"bioplanet_227","ERBB signaling pathway",5290,"PIK3CA"
"bioplanet_227","ERBB signaling pathway",5291,"PIK3CB"
"bioplanet_227","ERBB signaling pathway",5293,"PIK3CD"
"bioplanet_227","ERBB signaling pathway",5294,"PIK3CG"
"bioplanet_227","ERBB signaling pathway",5295,"PIK3R1"
"bioplanet_227","ERBB signaling pathway",5296,"PIK3R2"
"bioplanet_227","ERBB signaling pathway",5335,"PLCG1"
"bioplanet_227","ERBB signaling pathway",5336,"PLCG2"
"bioplanet_227","ERBB signaling pathway",5578,"PRKCA"
"bioplanet_227","ERBB signaling pathway",5579,"PRKCB"
"bioplanet_227","ERBB signaling pathway",5582,"PRKCG"
"bioplanet_227","ERBB signaling pathway",5594,"MAPK1"
"bioplanet_227","ERBB signaling pathway",5595,"MAPK3"
"bioplanet_227","ERBB signaling pathway",5599,"MAPK8"
"bioplanet_227","ERBB signaling pathway",5601,"MAPK9"
"bioplanet_227","ERBB signaling pathway",5602,"MAPK10"
"bioplanet_227","ERBB signaling pathway",5604,"MAP2K1"
"bioplanet_227","ERBB signaling pathway",5605,"MAP2K2"
"bioplanet_227","ERBB signaling pathway",5609,"MAP2K7"
"bioplanet_227","ERBB signaling pathway",5747,"PTK2"
"bioplanet_227","ERBB signaling pathway",5894,"RAF1"
"bioplanet_227","ERBB signaling pathway",6198,"RPS6KB1"
"bioplanet_227","ERBB signaling pathway",6199,"RPS6KB2"
"bioplanet_227","ERBB signaling pathway",6416,"MAP2K4"
"bioplanet_227","ERBB signaling pathway",6464,"SHC1"
"bioplanet_227","ERBB signaling pathway",6654,"SOS1"
"bioplanet_227","ERBB signaling pathway",6655,"SOS2"
"bioplanet_227","ERBB signaling pathway",6714,"SRC"
"bioplanet_227","ERBB signaling pathway",6776,"STAT5A"
"bioplanet_227","ERBB signaling pathway",6777,"STAT5B"
"bioplanet_227","ERBB signaling pathway",7039,"TGFA"
"bioplanet_227","ERBB signaling pathway",7157,"TP53"
"bioplanet_227","ERBB signaling pathway",8440,"NCK2"
"bioplanet_227","ERBB signaling pathway",8503,"PIK3R3"
"bioplanet_227","ERBB signaling pathway",9542,"NRG2"
"bioplanet_227","ERBB signaling pathway",10000,"AKT3"
"bioplanet_227","ERBB signaling pathway",10018,"BCL2L11"
"bioplanet_227","ERBB signaling pathway",10298,"PAK4"
"bioplanet_227","ERBB signaling pathway",10718,"NRG3"
"bioplanet_227","ERBB signaling pathway",23533,"PIK3R5"
"bioplanet_227","ERBB signaling pathway",23624,"CBLC"
"bioplanet_227","ERBB signaling pathway",25759,"SHC2"
"bioplanet_227","ERBB signaling pathway",53358,"SHC3"
"bioplanet_227","ERBB signaling pathway",56924,"PAK6"
"bioplanet_227","ERBB signaling pathway",57144,"PAK7"
"bioplanet_227","ERBB signaling pathway",145957,"NRG4"
"bioplanet_227","ERBB signaling pathway",399694,"SHC4"
"bioplanet_810","Lipid and lipoprotein metabolism",2,"A2M"
"bioplanet_810","Lipid and lipoprotein metabolism",19,"ABCA1"
"bioplanet_810","Lipid and lipoprotein metabolism",30,"ACAA1"
"bioplanet_810","Lipid and lipoprotein metabolism",31,"ACACA"
"bioplanet_810","Lipid and lipoprotein metabolism",32,"ACACB"
"bioplanet_810","Lipid and lipoprotein metabolism",33,"ACADL"
"bioplanet_810","Lipid and lipoprotein metabolism",34,"ACADM"
"bioplanet_810","Lipid and lipoprotein metabolism",35,"ACADS"
"bioplanet_810","Lipid and lipoprotein metabolism",37,"ACADVL"
"bioplanet_810","Lipid and lipoprotein metabolism",38,"ACAT1"
"bioplanet_810","Lipid and lipoprotein metabolism",43,"ACHE"
"bioplanet_810","Lipid and lipoprotein metabolism",47,"ACLY"
"bioplanet_810","Lipid and lipoprotein metabolism",51,"ACOX1"
"bioplanet_810","Lipid and lipoprotein metabolism",123,"PLIN2"
"bioplanet_810","Lipid and lipoprotein metabolism",183,"AGT"
"bioplanet_810","Lipid and lipoprotein metabolism",211,"ALAS1"
"bioplanet_810","Lipid and lipoprotein metabolism",213,"ALB"
"bioplanet_810","Lipid and lipoprotein metabolism",215,"ABCD1"
"bioplanet_810","Lipid and lipoprotein metabolism",231,"AKR1B1"
"bioplanet_810","Lipid and lipoprotein metabolism",335,"APOA1"
"bioplanet_810","Lipid and lipoprotein metabolism",336,"APOA2"
"bioplanet_810","Lipid and lipoprotein metabolism",337,"APOA4"
"bioplanet_810","Lipid and lipoprotein metabolism",338,"APOB"
"bioplanet_810","Lipid and lipoprotein metabolism",344,"APOC2"
"bioplanet_810","Lipid and lipoprotein metabolism",345,"APOC3"
"bioplanet_810","Lipid and lipoprotein metabolism",348,"APOE"
"bioplanet_810","Lipid and lipoprotein metabolism",375,"ARF1"
"bioplanet_810","Lipid and lipoprotein metabolism",377,"ARF3"
"bioplanet_810","Lipid and lipoprotein metabolism",406,"ARNTL"
"bioplanet_810","Lipid and lipoprotein metabolism",410,"ARSA"
"bioplanet_810","Lipid and lipoprotein metabolism",411,"ARSB"
"bioplanet_810","Lipid and lipoprotein metabolism",412,"STS"
"bioplanet_810","Lipid and lipoprotein metabolism",414,"ARSD"
"bioplanet_810","Lipid and lipoprotein metabolism",415,"ARSE"
"bioplanet_810","Lipid and lipoprotein metabolism",416,"ARSF"
"bioplanet_810","Lipid and lipoprotein metabolism",427,"ASAH1"
"bioplanet_810","Lipid and lipoprotein metabolism",570,"BAAT"
"bioplanet_810","Lipid and lipoprotein metabolism",622,"BDH1"
"bioplanet_810","Lipid and lipoprotein metabolism",649,"BMP1"
"bioplanet_810","Lipid and lipoprotein metabolism",788,"SLC25A20"
"bioplanet_810","Lipid and lipoprotein metabolism",857,"CAV1"
"bioplanet_810","Lipid and lipoprotein metabolism",892,"CCNC"
"bioplanet_810","Lipid and lipoprotein metabolism",948,"CD36"
"bioplanet_810","Lipid and lipoprotein metabolism",949,"SCARB1"
"bioplanet_810","Lipid and lipoprotein metabolism",1024,"CDK8"
"bioplanet_810","Lipid and lipoprotein metabolism",1040,"CDS1"
"bioplanet_810","Lipid and lipoprotein metabolism",1056,"CEL"
"bioplanet_810","Lipid and lipoprotein metabolism",1071,"CETP"
"bioplanet_810","Lipid and lipoprotein metabolism",1081,"CGA"
"bioplanet_810","Lipid and lipoprotein metabolism",1103,"CHAT"
"bioplanet_810","Lipid and lipoprotein metabolism",1109,"AKR1C4"
"bioplanet_810","Lipid and lipoprotein metabolism",1119,"CHKA"
"bioplanet_810","Lipid and lipoprotein metabolism",1120,"CHKB"
"bioplanet_810","Lipid and lipoprotein metabolism",1208,"CLPS"
"bioplanet_810","Lipid and lipoprotein metabolism",1374,"CPT1A"
"bioplanet_810","Lipid and lipoprotein metabolism",1375,"CPT1B"
"bioplanet_810","Lipid and lipoprotein metabolism",1376,"CPT2"
"bioplanet_810","Lipid and lipoprotein metabolism",1384,"CRAT"
"bioplanet_810","Lipid and lipoprotein metabolism",1387,"CREBBP"
"bioplanet_810","Lipid and lipoprotein metabolism",1455,"CSNK1G2"
"bioplanet_810","Lipid and lipoprotein metabolism",1490,"CTGF"
"bioplanet_810","Lipid and lipoprotein metabolism",1543,"CYP1A1"
"bioplanet_810","Lipid and lipoprotein metabolism",1579,"CYP4A11"
"bioplanet_810","Lipid and lipoprotein metabolism",1581,"CYP7A1"
"bioplanet_810","Lipid and lipoprotein metabolism",1582,"CYP8B1"
"bioplanet_810","Lipid and lipoprotein metabolism",1583,"CYP11A1"
"bioplanet_810","Lipid and lipoprotein metabolism",1584,"CYP11B1"
"bioplanet_810","Lipid and lipoprotein metabolism",1585,"CYP11B2"
"bioplanet_810","Lipid and lipoprotein metabolism",1586,"CYP17A1"
"bioplanet_810","Lipid and lipoprotein metabolism",1588,"CYP19A1"
"bioplanet_810","Lipid and lipoprotein metabolism",1589,"CYP21A2"
"bioplanet_810","Lipid and lipoprotein metabolism",1591,"CYP24A1"
"bioplanet_810","Lipid and lipoprotein metabolism",1593,"CYP27A1"
"bioplanet_810","Lipid and lipoprotein metabolism",1594,"CYP27B1"
"bioplanet_810","Lipid and lipoprotein metabolism",1595,"CYP51A1"
"bioplanet_810","Lipid and lipoprotein metabolism",1632,"ECI1"
"bioplanet_810","Lipid and lipoprotein metabolism",1666,"DECR1"
"bioplanet_810","Lipid and lipoprotein metabolism",1717,"DHCR7"
"bioplanet_810","Lipid and lipoprotein metabolism",1718,"DHCR24"
"bioplanet_810","Lipid and lipoprotein metabolism",1892,"ECHS1"
"bioplanet_810","Lipid and lipoprotein metabolism",2033,"EP300"
"bioplanet_810","Lipid and lipoprotein metabolism",2101,"ESRRA"
"bioplanet_810","Lipid and lipoprotein metabolism",2167,"FABP4"
"bioplanet_810","Lipid and lipoprotein metabolism",2168,"FABP1"
"bioplanet_810","Lipid and lipoprotein metabolism",2172,"FABP6"
"bioplanet_810","Lipid and lipoprotein metabolism",2180,"ACSL1"
"bioplanet_810","Lipid and lipoprotein metabolism",2181,"ACSL3"
"bioplanet_810","Lipid and lipoprotein metabolism",2182,"ACSL4"
"bioplanet_810","Lipid and lipoprotein metabolism",2194,"FASN"
"bioplanet_810","Lipid and lipoprotein metabolism",2222,"FDFT1"
"bioplanet_810","Lipid and lipoprotein metabolism",2224,"FDPS"
"bioplanet_810","Lipid and lipoprotein metabolism",2274,"FHL2"
"bioplanet_810","Lipid and lipoprotein metabolism",2531,"KDSR"
"bioplanet_810","Lipid and lipoprotein metabolism",2581,"GALC"
"bioplanet_810","Lipid and lipoprotein metabolism",2629,"GBA"
"bioplanet_810","Lipid and lipoprotein metabolism",2638,"GC"
"bioplanet_810","Lipid and lipoprotein metabolism",2710,"GK"
"bioplanet_810","Lipid and lipoprotein metabolism",2717,"GLA"
"bioplanet_810","Lipid and lipoprotein metabolism",2720,"GLB1"
"bioplanet_810","Lipid and lipoprotein metabolism",2760,"GM2A"
"bioplanet_810","Lipid and lipoprotein metabolism",2819,"GPD1"
"bioplanet_810","Lipid and lipoprotein metabolism",2820,"GPD2"
"bioplanet_810","Lipid and lipoprotein metabolism",3030,"HADHA"
"bioplanet_810","Lipid and lipoprotein metabolism",3032,"HADHB"
"bioplanet_810","Lipid and lipoprotein metabolism",3033,"HADH"
"bioplanet_810","Lipid and lipoprotein metabolism",3073,"HEXA"
"bioplanet_810","Lipid and lipoprotein metabolism",3074,"HEXB"
"bioplanet_810","Lipid and lipoprotein metabolism",3155,"HMGCL"
"bioplanet_810","Lipid and lipoprotein metabolism",3156,"HMGCR"
"bioplanet_810","Lipid and lipoprotein metabolism",3157,"HMGCS1"
"bioplanet_810","Lipid and lipoprotein metabolism",3158,"HMGCS2"
"bioplanet_810","Lipid and lipoprotein metabolism",3283,"HSD3B1"
"bioplanet_810","Lipid and lipoprotein metabolism",3284,"HSD3B2"
"bioplanet_810","Lipid and lipoprotein metabolism",3290,"HSD11B1"
"bioplanet_810","Lipid and lipoprotein metabolism",3292,"HSD17B1"
"bioplanet_810","Lipid and lipoprotein metabolism",3293,"HSD17B3"
"bioplanet_810","Lipid and lipoprotein metabolism",3295,"HSD17B4"
"bioplanet_810","Lipid and lipoprotein metabolism",3339,"HSPG2"
"bioplanet_810","Lipid and lipoprotein metabolism",3417,"IDH1"
"bioplanet_810","Lipid and lipoprotein metabolism",3422,"IDI1"
"bioplanet_810","Lipid and lipoprotein metabolism",3631,"INPP4A"
"bioplanet_810","Lipid and lipoprotein metabolism",3635,"INPP5D"
"bioplanet_810","Lipid and lipoprotein metabolism",3636,"INPPL1"
"bioplanet_810","Lipid and lipoprotein metabolism",3930,"LBR"
"bioplanet_810","Lipid and lipoprotein metabolism",3931,"LCAT"
"bioplanet_810","Lipid and lipoprotein metabolism",3949,"LDLR"
"bioplanet_810","Lipid and lipoprotein metabolism",3972,"LHB"
"bioplanet_810","Lipid and lipoprotein metabolism",3990,"LIPC"
"bioplanet_810","Lipid and lipoprotein metabolism",3991,"LIPE"
"bioplanet_810","Lipid and lipoprotein metabolism",3992,"FADS1"
"bioplanet_810","Lipid and lipoprotein metabolism",4018,"LPA"
"bioplanet_810","Lipid and lipoprotein metabolism",4023,"LPL"
"bioplanet_810","Lipid and lipoprotein metabolism",4036,"LRP2"
"bioplanet_810","Lipid and lipoprotein metabolism",4047,"LSS"
"bioplanet_810","Lipid and lipoprotein metabolism",4199,"ME1"
"bioplanet_810","Lipid and lipoprotein metabolism",4534,"MTM1"
"bioplanet_810","Lipid and lipoprotein metabolism",4547,"MTTP"
"bioplanet_810","Lipid and lipoprotein metabolism",4594,"MUT"
"bioplanet_810","Lipid and lipoprotein metabolism",4597,"MVD"
"bioplanet_810","Lipid and lipoprotein metabolism",4598,"MVK"
"bioplanet_810","Lipid and lipoprotein metabolism",4758,"NEU1"
"bioplanet_810","Lipid and lipoprotein metabolism",4759,"NEU2"
"bioplanet_810","Lipid and lipoprotein metabolism",4800,"NFYA"
"bioplanet_810","Lipid and lipoprotein metabolism",4801,"NFYB"
"bioplanet_810","Lipid and lipoprotein metabolism",4802,"NFYC"
"bioplanet_810","Lipid and lipoprotein metabolism",4862,"NPAS2"
"bioplanet_810","Lipid and lipoprotein metabolism",4899,"NRF1"
"bioplanet_810","Lipid and lipoprotein metabolism",4952,"OCRL"
"bioplanet_810","Lipid and lipoprotein metabolism",5007,"OSBP"
"bioplanet_810","Lipid and lipoprotein metabolism",5019,"OXCT1"
"bioplanet_810","Lipid and lipoprotein metabolism",5034,"P4HB"
"bioplanet_810","Lipid and lipoprotein metabolism",5095,"PCCA"
"bioplanet_810","Lipid and lipoprotein metabolism",5096,"PCCB"
"bioplanet_810","Lipid and lipoprotein metabolism",5130,"PCYT1A"
"bioplanet_810","Lipid and lipoprotein metabolism",5244,"ABCB4"
"bioplanet_810","Lipid and lipoprotein metabolism",5264,"PHYH"
"bioplanet_810","Lipid and lipoprotein metabolism",5286,"PIK3C2A"
"bioplanet_810","Lipid and lipoprotein metabolism",5287,"PIK3C2B"
"bioplanet_810","Lipid and lipoprotein metabolism",5288,"PIK3C2G"
"bioplanet_810","Lipid and lipoprotein metabolism",5289,"PIK3C3"
"bioplanet_810","Lipid and lipoprotein metabolism",5290,"PIK3CA"
"bioplanet_810","Lipid and lipoprotein metabolism",5291,"PIK3CB"
"bioplanet_810","Lipid and lipoprotein metabolism",5293,"PIK3CD"
"bioplanet_810","Lipid and lipoprotein metabolism",5294,"PIK3CG"
"bioplanet_810","Lipid and lipoprotein metabolism",5295,"PIK3R1"
"bioplanet_810","Lipid and lipoprotein metabolism",5296,"PIK3R2"
"bioplanet_810","Lipid and lipoprotein metabolism",5297,"PI4KA"
"bioplanet_810","Lipid and lipoprotein metabolism",5298,"PI4KB"
"bioplanet_810","Lipid and lipoprotein metabolism",5305,"PIP4K2A"
"bioplanet_810","Lipid and lipoprotein metabolism",5319,"PLA2G1B"
"bioplanet_810","Lipid and lipoprotein metabolism",5320,"PLA2G2A"
"bioplanet_810","Lipid and lipoprotein metabolism",5321,"PLA2G4A"
"bioplanet_810","Lipid and lipoprotein metabolism",5322,"PLA2G5"
"bioplanet_810","Lipid and lipoprotein metabolism",5337,"PLD1"
"bioplanet_810","Lipid and lipoprotein metabolism",5338,"PLD2"
"bioplanet_810","Lipid and lipoprotein metabolism",5346,"PLIN1"
"bioplanet_810","Lipid and lipoprotein metabolism",5360,"PLTP"
"bioplanet_810","Lipid and lipoprotein metabolism",5406,"PNLIP"
"bioplanet_810","Lipid and lipoprotein metabolism",5408,"PNLIPRP2"
"bioplanet_810","Lipid and lipoprotein metabolism",5443,"POMC"
"bioplanet_810","Lipid and lipoprotein metabolism",5465,"PPARA"
"bioplanet_810","Lipid and lipoprotein metabolism",5468,"PPARG"
"bioplanet_810","Lipid and lipoprotein metabolism",5469,"MED1"
"bioplanet_810","Lipid and lipoprotein metabolism",5476,"CTSA"
"bioplanet_810","Lipid and lipoprotein metabolism",5499,"PPP1CA"
"bioplanet_810","Lipid and lipoprotein metabolism",5500,"PPP1CB"
"bioplanet_810","Lipid and lipoprotein metabolism",5501,"PPP1CC"
"bioplanet_810","Lipid and lipoprotein metabolism",5563,"PRKAA2"
"bioplanet_810","Lipid and lipoprotein metabolism",5565,"PRKAB2"
"bioplanet_810","Lipid and lipoprotein metabolism",5566,"PRKACA"
"bioplanet_810","Lipid and lipoprotein metabolism",5567,"PRKACB"
"bioplanet_810","Lipid and lipoprotein metabolism",5568,"PRKACG"
"bioplanet_810","Lipid and lipoprotein metabolism",5587,"PRKD1"
"bioplanet_810","Lipid and lipoprotein metabolism",5641,"LGMN"
"bioplanet_810","Lipid and lipoprotein metabolism",5660,"PSAP"
"bioplanet_810","Lipid and lipoprotein metabolism",5728,"PTEN"
"bioplanet_810","Lipid and lipoprotein metabolism",5833,"PCYT2"
"bioplanet_810","Lipid and lipoprotein metabolism",5948,"RBP2"
"bioplanet_810","Lipid and lipoprotein metabolism",6095,"RORA"
"bioplanet_810","Lipid and lipoprotein metabolism",6256,"RXRA"
"bioplanet_810","Lipid and lipoprotein metabolism",6307,"MSMO1"
"bioplanet_810","Lipid and lipoprotein metabolism",6309,"SC5D"
"bioplanet_810","Lipid and lipoprotein metabolism",6342,"SCP2"
"bioplanet_810","Lipid and lipoprotein metabolism",6382,"SDC1"
"bioplanet_810","Lipid and lipoprotein metabolism",6554,"SLC10A1"
"bioplanet_810","Lipid and lipoprotein metabolism",6555,"SLC10A2"
"bioplanet_810","Lipid and lipoprotein metabolism",6576,"SLC25A1"
"bioplanet_810","Lipid and lipoprotein metabolism",6579,"SLCO1A2"
"bioplanet_810","Lipid and lipoprotein metabolism",6604,"SMARCD3"
"bioplanet_810","Lipid and lipoprotein metabolism",6609,"SMPD1"
"bioplanet_810","Lipid and lipoprotein metabolism",6610,"SMPD2"
"bioplanet_810","Lipid and lipoprotein metabolism",6713,"SQLE"
"bioplanet_810","Lipid and lipoprotein metabolism",6715,"SRD5A1"
"bioplanet_810","Lipid and lipoprotein metabolism",6716,"SRD5A2"
"bioplanet_810","Lipid and lipoprotein metabolism",6718,"AKR1D1"
"bioplanet_810","Lipid and lipoprotein metabolism",6720,"SREBF1"
"bioplanet_810","Lipid and lipoprotein metabolism",6721,"SREBF2"
"bioplanet_810","Lipid and lipoprotein metabolism",6770,"STAR"
"bioplanet_810","Lipid and lipoprotein metabolism",6785,"ELOVL4"
"bioplanet_810","Lipid and lipoprotein metabolism",6822,"SULT2A1"
"bioplanet_810","Lipid and lipoprotein metabolism",6837,"MED22"
"bioplanet_810","Lipid and lipoprotein metabolism",6901,"TAZ"
"bioplanet_810","Lipid and lipoprotein metabolism",6907,"TBL1X"
"bioplanet_810","Lipid and lipoprotein metabolism",7003,"TEAD1"
"bioplanet_810","Lipid and lipoprotein metabolism",7004,"TEAD4"
"bioplanet_810","Lipid and lipoprotein metabolism",7005,"TEAD3"
"bioplanet_810","Lipid and lipoprotein metabolism",7108,"TM7SF2"
"bioplanet_810","Lipid and lipoprotein metabolism",7296,"TXNRD1"
"bioplanet_810","Lipid and lipoprotein metabolism",7357,"UGCG"
"bioplanet_810","Lipid and lipoprotein metabolism",8029,"CUBN"
"bioplanet_810","Lipid and lipoprotein metabolism",8202,"NCOA3"
"bioplanet_810","Lipid and lipoprotein metabolism",8309,"ACOX2"
"bioplanet_810","Lipid and lipoprotein metabolism",8310,"ACOX3"
"bioplanet_810","Lipid and lipoprotein metabolism",8394,"PIP5K1A"
"bioplanet_810","Lipid and lipoprotein metabolism",8395,"PIP5K1B"
"bioplanet_810","Lipid and lipoprotein metabolism",8396,"PIP4K2B"
"bioplanet_810","Lipid and lipoprotein metabolism",8398,"PLA2G6"
"bioplanet_810","Lipid and lipoprotein metabolism",8399,"PLA2G10"
"bioplanet_810","Lipid and lipoprotein metabolism",8443,"GNPAT"
"bioplanet_810","Lipid and lipoprotein metabolism",8463,"TEAD2"
"bioplanet_810","Lipid and lipoprotein metabolism",8503,"PIK3R3"
"bioplanet_810","Lipid and lipoprotein metabolism",8540,"AGPS"
"bioplanet_810","Lipid and lipoprotein metabolism",8560,"DEGS1"
"bioplanet_810","Lipid and lipoprotein metabolism",8605,"PLA2G4C"
"bioplanet_810","Lipid and lipoprotein metabolism",8611,"PPAP2A"
"bioplanet_810","Lipid and lipoprotein metabolism",8612,"PPAP2C"
"bioplanet_810","Lipid and lipoprotein metabolism",8613,"PPAP2B"
"bioplanet_810","Lipid and lipoprotein metabolism",8647,"ABCB11"
"bioplanet_810","Lipid and lipoprotein metabolism",8648,"NCOA1"
"bioplanet_810","Lipid and lipoprotein metabolism",8694,"DGAT1"
"bioplanet_810","Lipid and lipoprotein metabolism",8714,"ABCC3"
"bioplanet_810","Lipid and lipoprotein metabolism",8760,"CDS2"
"bioplanet_810","Lipid and lipoprotein metabolism",8776,"MTMR1"
"bioplanet_810","Lipid and lipoprotein metabolism",8800,"PEX11A"
"bioplanet_810","Lipid and lipoprotein metabolism",8821,"INPP4B"
"bioplanet_810","Lipid and lipoprotein metabolism",8841,"HDAC3"
"bioplanet_810","Lipid and lipoprotein metabolism",8867,"SYNJ1"
"bioplanet_810","Lipid and lipoprotein metabolism",8871,"SYNJ2"
"bioplanet_810","Lipid and lipoprotein metabolism",8877,"SPHK1"
"bioplanet_810","Lipid and lipoprotein metabolism",8879,"SGPL1"
"bioplanet_810","Lipid and lipoprotein metabolism",8897,"MTMR3"
"bioplanet_810","Lipid and lipoprotein metabolism",8898,"MTMR2"
"bioplanet_810","Lipid and lipoprotein metabolism",9023,"CH25H"
"bioplanet_810","Lipid and lipoprotein metabolism",9107,"MTMR6"
"bioplanet_810","Lipid and lipoprotein metabolism",9108,"MTMR7"
"bioplanet_810","Lipid and lipoprotein metabolism",9110,"MTMR4"
"bioplanet_810","Lipid and lipoprotein metabolism",9217,"VAPB"
"bioplanet_810","Lipid and lipoprotein metabolism",9218,"VAPA"
"bioplanet_810","Lipid and lipoprotein metabolism",9227,"LRAT"
"bioplanet_810","Lipid and lipoprotein metabolism",9282,"MED14"
"bioplanet_810","Lipid and lipoprotein metabolism",9412,"MED21"
"bioplanet_810","Lipid and lipoprotein metabolism",9415,"FADS2"
"bioplanet_810","Lipid and lipoprotein metabolism",9420,"CYP7B1"
"bioplanet_810","Lipid and lipoprotein metabolism",9439,"MED23"
"bioplanet_810","Lipid and lipoprotein metabolism",9440,"MED17"
"bioplanet_810","Lipid and lipoprotein metabolism",9441,"MED26"
"bioplanet_810","Lipid and lipoprotein metabolism",9442,"MED27"
"bioplanet_810","Lipid and lipoprotein metabolism",9443,"MED7"
"bioplanet_810","Lipid and lipoprotein metabolism",9453,"GGPS1"
"bioplanet_810","Lipid and lipoprotein metabolism",9468,"PCYT1B"
"bioplanet_810","Lipid and lipoprotein metabolism",9477,"MED20"
"bioplanet_810","Lipid and lipoprotein metabolism",9489,"PGS1"
"bioplanet_810","Lipid and lipoprotein metabolism",9514,"GAL3ST1"
"bioplanet_810","Lipid and lipoprotein metabolism",9517,"SPTLC2"
"bioplanet_810","Lipid and lipoprotein metabolism",9524,"TECR"
"bioplanet_810","Lipid and lipoprotein metabolism",9572,"NR1D1"
"bioplanet_810","Lipid and lipoprotein metabolism",9575,"CLOCK"
"bioplanet_810","Lipid and lipoprotein metabolism",9611,"NCOR1"
"bioplanet_810","Lipid and lipoprotein metabolism",9612,"NCOR2"
"bioplanet_810","Lipid and lipoprotein metabolism",9619,"ABCG1"
"bioplanet_810","Lipid and lipoprotein metabolism",9663,"LPIN2"
"bioplanet_810","Lipid and lipoprotein metabolism",9791,"PTDSS1"
"bioplanet_810","Lipid and lipoprotein metabolism",9862,"MED24"
"bioplanet_810","Lipid and lipoprotein metabolism",9896,"FIG4"
"bioplanet_810","Lipid and lipoprotein metabolism",9926,"LPGAT1"
"bioplanet_810","Lipid and lipoprotein metabolism",9968,"MED12"
"bioplanet_810","Lipid and lipoprotein metabolism",9969,"MED13"
"bioplanet_810","Lipid and lipoprotein metabolism",10001,"MED6"
"bioplanet_810","Lipid and lipoprotein metabolism",10005,"ACOT8"
"bioplanet_810","Lipid and lipoprotein metabolism",10025,"MED16"
"bioplanet_810","Lipid and lipoprotein metabolism",10087,"COL4A3BP"
"bioplanet_810","Lipid and lipoprotein metabolism",10162,"LPCAT3"
"bioplanet_810","Lipid and lipoprotein metabolism",10390,"CEPT1"
"bioplanet_810","Lipid and lipoprotein metabolism",10400,"PEMT"
"bioplanet_810","Lipid and lipoprotein metabolism",10413,"YAP1"
"bioplanet_810","Lipid and lipoprotein metabolism",10423,"CDIPT"
"bioplanet_810","Lipid and lipoprotein metabolism",10478,"SLC25A17"
"bioplanet_810","Lipid and lipoprotein metabolism",10498,"CARM1"
"bioplanet_810","Lipid and lipoprotein metabolism",10499,"NCOA2"
"bioplanet_810","Lipid and lipoprotein metabolism",10554,"AGPAT1"
"bioplanet_810","Lipid and lipoprotein metabolism",10555,"AGPAT2"
"bioplanet_810","Lipid and lipoprotein metabolism",10558,"SPTLC1"
"bioplanet_810","Lipid and lipoprotein metabolism",10599,"SLCO1B1"
"bioplanet_810","Lipid and lipoprotein metabolism",10654,"PMVK"
"bioplanet_810","Lipid and lipoprotein metabolism",10682,"EBP"
"bioplanet_810","Lipid and lipoprotein metabolism",10715,"CERS1"
"bioplanet_810","Lipid and lipoprotein metabolism",10825,"NEU3"
"bioplanet_810","Lipid and lipoprotein metabolism",10858,"CYP46A1"
"bioplanet_810","Lipid and lipoprotein metabolism",10891,"PPARGC1A"
"bioplanet_810","Lipid and lipoprotein metabolism",10998,"SLC27A5"
"bioplanet_810","Lipid and lipoprotein metabolism",11001,"SLC27A2"
"bioplanet_810","Lipid and lipoprotein metabolism",11010,"GLIPR1"
"bioplanet_810","Lipid and lipoprotein metabolism",11145,"PLA2G16"
"bioplanet_810","Lipid and lipoprotein metabolism",11343,"MGLL"
"bioplanet_810","Lipid and lipoprotein metabolism",22901,"ARSG"
"bioplanet_810","Lipid and lipoprotein metabolism",22908,"SACM1L"
"bioplanet_810","Lipid and lipoprotein metabolism",23054,"NCOA6"
"bioplanet_810","Lipid and lipoprotein metabolism",23097,"CDK19"
"bioplanet_810","Lipid and lipoprotein metabolism",23171,"GPD1L"
"bioplanet_810","Lipid and lipoprotein metabolism",23175,"LPIN1"
"bioplanet_810","Lipid and lipoprotein metabolism",23179,"RGL1"
"bioplanet_810","Lipid and lipoprotein metabolism",23305,"ACSL6"
"bioplanet_810","Lipid and lipoprotein metabolism",23309,"SIN3B"
"bioplanet_810","Lipid and lipoprotein metabolism",23389,"MED13L"
"bioplanet_810","Lipid and lipoprotein metabolism",23396,"PIP5K1C"
"bioplanet_810","Lipid and lipoprotein metabolism",23446,"SLC44A1"
"bioplanet_810","Lipid and lipoprotein metabolism",23533,"PIK3R5"
"bioplanet_810","Lipid and lipoprotein metabolism",23600,"AMACR"
"bioplanet_810","Lipid and lipoprotein metabolism",23646,"PLD3"
"bioplanet_810","Lipid and lipoprotein metabolism",23760,"PITPNB"
"bioplanet_810","Lipid and lipoprotein metabolism",23761,"PISD"
"bioplanet_810","Lipid and lipoprotein metabolism",25870,"SUMF2"
"bioplanet_810","Lipid and lipoprotein metabolism",25937,"WWTR1"
"bioplanet_810","Lipid and lipoprotein metabolism",25942,"SIN3A"
"bioplanet_810","Lipid and lipoprotein metabolism",26061,"HACL1"
"bioplanet_810","Lipid and lipoprotein metabolism",26119,"LDLRAP1"
"bioplanet_810","Lipid and lipoprotein metabolism",26230,"TIAM2"
"bioplanet_810","Lipid and lipoprotein metabolism",26279,"PLA2G2D"
"bioplanet_810","Lipid and lipoprotein metabolism",27063,"ANKRD1"
"bioplanet_810","Lipid and lipoprotein metabolism",27124,"INPP5J"
"bioplanet_810","Lipid and lipoprotein metabolism",27242,"TNFRSF21"
"bioplanet_810","Lipid and lipoprotein metabolism",28234,"SLCO1B3"
"bioplanet_810","Lipid and lipoprotein metabolism",29079,"MED4"
"bioplanet_810","Lipid and lipoprotein metabolism",29841,"GRHL1"
"bioplanet_810","Lipid and lipoprotein metabolism",29881,"NPC1L1"
"bioplanet_810","Lipid and lipoprotein metabolism",29956,"CERS2"
"bioplanet_810","Lipid and lipoprotein metabolism",30814,"PLA2G2E"
"bioplanet_810","Lipid and lipoprotein metabolism",30849,"PIK3R4"
"bioplanet_810","Lipid and lipoprotein metabolism",50486,"G0S2"
"bioplanet_810","Lipid and lipoprotein metabolism",50487,"PLA2G3"
"bioplanet_810","Lipid and lipoprotein metabolism",50640,"PNPLA8"
"bioplanet_810","Lipid and lipoprotein metabolism",50814,"NSDHL"
"bioplanet_810","Lipid and lipoprotein metabolism",51003,"MED31"
"bioplanet_810","Lipid and lipoprotein metabolism",51099,"ABHD5"
"bioplanet_810","Lipid and lipoprotein metabolism",51109,"RDH11"
"bioplanet_810","Lipid and lipoprotein metabolism",51128,"SAR1B"
"bioplanet_810","Lipid and lipoprotein metabolism",51129,"ANGPTL4"
"bioplanet_810","Lipid and lipoprotein metabolism",51144,"HSD17B12"
"bioplanet_810","Lipid and lipoprotein metabolism",51302,"CYP39A1"
"bioplanet_810","Lipid and lipoprotein metabolism",51422,"PRKAG2"
"bioplanet_810","Lipid and lipoprotein metabolism",51478,"HSD17B7"
"bioplanet_810","Lipid and lipoprotein metabolism",51586,"MED15"
"bioplanet_810","Lipid and lipoprotein metabolism",51703,"ACSL5"
"bioplanet_810","Lipid and lipoprotein metabolism",51763,"INPP5K"
"bioplanet_810","Lipid and lipoprotein metabolism",53630,"BCO1"
"bioplanet_810","Lipid and lipoprotein metabolism",54600,"UGT1A9"
"bioplanet_810","Lipid and lipoprotein metabolism",54675,"CRLS1"
"bioplanet_810","Lipid and lipoprotein metabolism",54677,"CROT"
"bioplanet_810","Lipid and lipoprotein metabolism",54797,"MED18"
"bioplanet_810","Lipid and lipoprotein metabolism",54898,"ELOVL2"
"bioplanet_810","Lipid and lipoprotein metabolism",54947,"LPCAT2"
"bioplanet_810","Lipid and lipoprotein metabolism",55090,"MED9"
"bioplanet_810","Lipid and lipoprotein metabolism",55224,"ETNK2"
"bioplanet_810","Lipid and lipoprotein metabolism",55300,"PI4K2B"
"bioplanet_810","Lipid and lipoprotein metabolism",55304,"SPTLC3"
"bioplanet_810","Lipid and lipoprotein metabolism",55326,"AGPAT5"
"bioplanet_810","Lipid and lipoprotein metabolism",55331,"ACER3"
"bioplanet_810","Lipid and lipoprotein metabolism",55361,"PI4K2A"
"bioplanet_810","Lipid and lipoprotein metabolism",55500,"ETNK1"
"bioplanet_810","Lipid and lipoprotein metabolism",55512,"SMPD3"
"bioplanet_810","Lipid and lipoprotein metabolism",55588,"MED29"
"bioplanet_810","Lipid and lipoprotein metabolism",55627,"SMPD4"
"bioplanet_810","Lipid and lipoprotein metabolism",55697,"VAC14"
"bioplanet_810","Lipid and lipoprotein metabolism",55711,"FAR2"
"bioplanet_810","Lipid and lipoprotein metabolism",56261,"GPCPD1"
"bioplanet_810","Lipid and lipoprotein metabolism",56623,"INPP5E"
"bioplanet_810","Lipid and lipoprotein metabolism",56624,"ASAH2"
"bioplanet_810","Lipid and lipoprotein metabolism",56848,"SPHK2"
"bioplanet_810","Lipid and lipoprotein metabolism",56894,"AGPAT3"
"bioplanet_810","Lipid and lipoprotein metabolism",56895,"AGPAT4"
"bioplanet_810","Lipid and lipoprotein metabolism",56994,"CHPT1"
"bioplanet_810","Lipid and lipoprotein metabolism",57104,"PNPLA2"
"bioplanet_810","Lipid and lipoprotein metabolism",57153,"SLC44A2"
"bioplanet_810","Lipid and lipoprotein metabolism",57678,"GPAM"
"bioplanet_810","Lipid and lipoprotein metabolism",57704,"GBA2"
"bioplanet_810","Lipid and lipoprotein metabolism",57733,"GBA3"
"bioplanet_810","Lipid and lipoprotein metabolism",57761,"TRIB3"
"bioplanet_810","Lipid and lipoprotein metabolism",60481,"ELOVL5"
"bioplanet_810","Lipid and lipoprotein metabolism",64240,"ABCG5"
"bioplanet_810","Lipid and lipoprotein metabolism",64241,"ABCG8"
"bioplanet_810","Lipid and lipoprotein metabolism",64419,"MTMR14"
"bioplanet_810","Lipid and lipoprotein metabolism",64600,"PLA2G2F"
"bioplanet_810","Lipid and lipoprotein metabolism",64781,"CERK"
"bioplanet_810","Lipid and lipoprotein metabolism",64834,"ELOVL1"
"bioplanet_810","Lipid and lipoprotein metabolism",64900,"LPIN3"
"bioplanet_810","Lipid and lipoprotein metabolism",79071,"ELOVL6"
"bioplanet_810","Lipid and lipoprotein metabolism",79143,"MBOAT7"
"bioplanet_810","Lipid and lipoprotein metabolism",79603,"CERS4"
"bioplanet_810","Lipid and lipoprotein metabolism",79642,"ARSJ"
"bioplanet_810","Lipid and lipoprotein metabolism",79644,"SRD5A3"
"bioplanet_810","Lipid and lipoprotein metabolism",79718,"TBL1XR1"
"bioplanet_810","Lipid and lipoprotein metabolism",79887,"PLBD1"
"bioplanet_810","Lipid and lipoprotein metabolism",79888,"LPCAT1"
"bioplanet_810","Lipid and lipoprotein metabolism",79993,"ELOVL7"
"bioplanet_810","Lipid and lipoprotein metabolism",80205,"CHD9"
"bioplanet_810","Lipid and lipoprotein metabolism",80270,"HSD3B7"
"bioplanet_810","Lipid and lipoprotein metabolism",80339,"PNPLA3"
"bioplanet_810","Lipid and lipoprotein metabolism",80736,"SLC44A4"
"bioplanet_810","Lipid and lipoprotein metabolism",80765,"STARD5"
"bioplanet_810","Lipid and lipoprotein metabolism",81490,"PTDSS2"
"bioplanet_810","Lipid and lipoprotein metabolism",81537,"SGPP1"
"bioplanet_810","Lipid and lipoprotein metabolism",81579,"PLA2G12A"
"bioplanet_810","Lipid and lipoprotein metabolism",81693,"AMN"
"bioplanet_810","Lipid and lipoprotein metabolism",81857,"MED25"
"bioplanet_810","Lipid and lipoprotein metabolism",83401,"ELOVL3"
"bioplanet_810","Lipid and lipoprotein metabolism",84188,"FAR1"
"bioplanet_810","Lipid and lipoprotein metabolism",84246,"MED10"
"bioplanet_810","Lipid and lipoprotein metabolism",84649,"DGAT2"
"bioplanet_810","Lipid and lipoprotein metabolism",84693,"MCEE"
"bioplanet_810","Lipid and lipoprotein metabolism",84803,"AGPAT9"
"bioplanet_810","Lipid and lipoprotein metabolism",85441,"HELZ2"
"bioplanet_810","Lipid and lipoprotein metabolism",85465,"EPT1"
"bioplanet_810","Lipid and lipoprotein metabolism",90390,"MED30"
"bioplanet_810","Lipid and lipoprotein metabolism",91012,"CERS5"
"bioplanet_810","Lipid and lipoprotein metabolism",91734,"IDI2"
"bioplanet_810","Lipid and lipoprotein metabolism",93492,"TPTE2"
"bioplanet_810","Lipid and lipoprotein metabolism",96764,"TGS1"
"bioplanet_810","Lipid and lipoprotein metabolism",112950,"MED8"
"bioplanet_810","Lipid and lipoprotein metabolism",116519,"APOA5"
"bioplanet_810","Lipid and lipoprotein metabolism",120227,"CYP2R1"
"bioplanet_810","Lipid and lipoprotein metabolism",122618,"PLD4"
"bioplanet_810","Lipid and lipoprotein metabolism",123099,"DEGS2"
"bioplanet_810","Lipid and lipoprotein metabolism",123745,"PLA2G4E"
"bioplanet_810","Lipid and lipoprotein metabolism",125981,"ACER1"
"bioplanet_810","Lipid and lipoprotein metabolism",126969,"SLC44A3"
"bioplanet_810","Lipid and lipoprotein metabolism",129642,"MBOAT2"
"bioplanet_810","Lipid and lipoprotein metabolism",129807,"NEU4"
"bioplanet_810","Lipid and lipoprotein metabolism",130367,"SGPP2"
"bioplanet_810","Lipid and lipoprotein metabolism",133522,"PPARGC1B"
"bioplanet_810","Lipid and lipoprotein metabolism",134429,"STARD4"
"bioplanet_810","Lipid and lipoprotein metabolism",137964,"AGPAT6"
"bioplanet_810","Lipid and lipoprotein metabolism",146850,"PIK3R6"
"bioplanet_810","Lipid and lipoprotein metabolism",147323,"STARD6"
"bioplanet_810","Lipid and lipoprotein metabolism",150763,"GPAT2"
"bioplanet_810","Lipid and lipoprotein metabolism",151056,"PLB1"
"bioplanet_810","Lipid and lipoprotein metabolism",151742,"PPM1L"
"bioplanet_810","Lipid and lipoprotein metabolism",153642,"ARSK"
"bioplanet_810","Lipid and lipoprotein metabolism",154141,"MBOAT1"
"bioplanet_810","Lipid and lipoprotein metabolism",162466,"PHOSPHO1"
"bioplanet_810","Lipid and lipoprotein metabolism",166929,"SGMS2"
"bioplanet_810","Lipid and lipoprotein metabolism",200576,"PIKFYVE"
"bioplanet_810","Lipid and lipoprotein metabolism",201164,"PLD6"
"bioplanet_810","Lipid and lipoprotein metabolism",204219,"CERS3"
"bioplanet_810","Lipid and lipoprotein metabolism",204962,"SLC44A5"
"bioplanet_810","Lipid and lipoprotein metabolism",219541,"MED19"
"bioplanet_810","Lipid and lipoprotein metabolism",253558,"LCLAT1"
"bioplanet_810","Lipid and lipoprotein metabolism",253782,"CERS6"
"bioplanet_810","Lipid and lipoprotein metabolism",254531,"LPCAT4"
"bioplanet_810","Lipid and lipoprotein metabolism",255189,"PLA2G4F"
"bioplanet_810","Lipid and lipoprotein metabolism",259230,"SGMS1"
"bioplanet_810","Lipid and lipoprotein metabolism",283748,"PLA2G4D"
"bioplanet_810","Lipid and lipoprotein metabolism",285362,"SUMF1"
"bioplanet_810","Lipid and lipoprotein metabolism",339221,"ENPP7"
"bioplanet_810","Lipid and lipoprotein metabolism",340075,"ARSI"
"bioplanet_810","Lipid and lipoprotein metabolism",340485,"ACER2"
"bioplanet_810","Lipid and lipoprotein metabolism",347527,"ARSH"
"bioplanet_810","Lipid and lipoprotein metabolism",376497,"SLC27A1"
"bioplanet_810","Lipid and lipoprotein metabolism",400569,"MED11"
"bioplanet_810","Lipid and lipoprotein metabolism",100137049,"PLA2G4B"
"bioplanet_844","Vitamin B12 metabolism",12,"SERPINA3"
"bioplanet_844","Vitamin B12 metabolism",19,"ABCA1"
"bioplanet_844","Vitamin B12 metabolism",213,"ALB"
"bioplanet_844","Vitamin B12 metabolism",335,"APOA1"
"bioplanet_844","Vitamin B12 metabolism",338,"APOB"
"bioplanet_844","Vitamin B12 metabolism",348,"APOE"
"bioplanet_844","Vitamin B12 metabolism",875,"CBS"
"bioplanet_844","Vitamin B12 metabolism",949,"SCARB1"
"bioplanet_844","Vitamin B12 metabolism",1401,"CRP"
"bioplanet_844","Vitamin B12 metabolism",1491,"CTH"
"bioplanet_844","Vitamin B12 metabolism",2147,"F2"
"bioplanet_844","Vitamin B12 metabolism",2155,"F7"
"bioplanet_844","Vitamin B12 metabolism",2694,"GIF"
"bioplanet_844","Vitamin B12 metabolism",3039,"HBA1"
"bioplanet_844","Vitamin B12 metabolism",3040,"HBA2"
"bioplanet_844","Vitamin B12 metabolism",3043,"HBB"
"bioplanet_844","Vitamin B12 metabolism",3383,"ICAM1"
"bioplanet_844","Vitamin B12 metabolism",3458,"IFNG"
"bioplanet_844","Vitamin B12 metabolism",3553,"IL1B"
"bioplanet_844","Vitamin B12 metabolism",3569,"IL6"
"bioplanet_844","Vitamin B12 metabolism",3630,"INS"
"bioplanet_844","Vitamin B12 metabolism",3643,"INSR"
"bioplanet_844","Vitamin B12 metabolism",3949,"LDLR"
"bioplanet_844","Vitamin B12 metabolism",4036,"LRP2"
"bioplanet_844","Vitamin B12 metabolism",4143,"MAT1A"
"bioplanet_844","Vitamin B12 metabolism",4353,"MPO"
"bioplanet_844","Vitamin B12 metabolism",4524,"MTHFR"
"bioplanet_844","Vitamin B12 metabolism",4548,"MTR"
"bioplanet_844","Vitamin B12 metabolism",4552,"MTRR"
"bioplanet_844","Vitamin B12 metabolism",4594,"MUT"
"bioplanet_844","Vitamin B12 metabolism",4790,"NFKB1"
"bioplanet_844","Vitamin B12 metabolism",4791,"NFKB2"
"bioplanet_844","Vitamin B12 metabolism",5054,"SERPINE1"
"bioplanet_844","Vitamin B12 metabolism",5327,"PLAT"
"bioplanet_844","Vitamin B12 metabolism",5340,"PLG"
"bioplanet_844","Vitamin B12 metabolism",5970,"RELA"
"bioplanet_844","Vitamin B12 metabolism",6288,"SAA1"
"bioplanet_844","Vitamin B12 metabolism",6289,"SAA2"
"bioplanet_844","Vitamin B12 metabolism",6291,"SAA4"
"bioplanet_844","Vitamin B12 metabolism",6347,"CCL2"
"bioplanet_844","Vitamin B12 metabolism",6352,"CCL5"
"bioplanet_844","Vitamin B12 metabolism",6472,"SHMT2"
"bioplanet_844","Vitamin B12 metabolism",6647,"SOD1"
"bioplanet_844","Vitamin B12 metabolism",6648,"SOD2"
"bioplanet_844","Vitamin B12 metabolism",6649,"SOD3"
"bioplanet_844","Vitamin B12 metabolism",6947,"TCN1"
"bioplanet_844","Vitamin B12 metabolism",6948,"TCN2"
"bioplanet_844","Vitamin B12 metabolism",7124,"TNF"
"bioplanet_844","Vitamin B12 metabolism",8029,"CUBN"
"bioplanet_844","Vitamin B12 metabolism",84693,"MCEE"
"bioplanet_844","Vitamin B12 metabolism",326625,"MMAB"
"bioplanet_844","Vitamin B12 metabolism",100528017,"SAA2-SAA4"
"bioplanet_890","Axon guidance",25,"ABL1"
"bioplanet_890","Axon guidance",27,"ABL2"
"bioplanet_890","Axon guidance",160,"AP2A1"
"bioplanet_890","Axon guidance",161,"AP2A2"
"bioplanet_890","Axon guidance",163,"AP2B1"
"bioplanet_890","Axon guidance",214,"ALCAM"
"bioplanet_890","Axon guidance",286,"ANK1"
"bioplanet_890","Axon guidance",287,"ANK2"
"bioplanet_890","Axon guidance",288,"ANK3"
"bioplanet_890","Axon guidance",387,"RHOA"
"bioplanet_890","Axon guidance",388,"RHOB"
"bioplanet_890","Axon guidance",389,"RHOC"
"bioplanet_890","Axon guidance",391,"RHOG"
"bioplanet_890","Axon guidance",775,"CACNA1C"
"bioplanet_890","Axon guidance",776,"CACNA1D"
"bioplanet_890","Axon guidance",778,"CACNA1F"
"bioplanet_890","Axon guidance",779,"CACNA1S"
"bioplanet_890","Axon guidance",782,"CACNB1"
"bioplanet_890","Axon guidance",783,"CACNB2"
"bioplanet_890","Axon guidance",784,"CACNB3"
"bioplanet_890","Axon guidance",785,"CACNB4"
"bioplanet_890","Axon guidance",971,"CD72"
"bioplanet_890","Axon guidance",983,"CDK1"
"bioplanet_890","Axon guidance",998,"CDC42"
"bioplanet_890","Axon guidance",1020,"CDK5"
"bioplanet_890","Axon guidance",1072,"CFL1"
"bioplanet_890","Axon guidance",1073,"CFL2"
"bioplanet_890","Axon guidance",1173,"AP2M1"
"bioplanet_890","Axon guidance",1175,"AP2S1"
"bioplanet_890","Axon guidance",1211,"CLTA"
"bioplanet_890","Axon guidance",1213,"CLTC"
"bioplanet_890","Axon guidance",1272,"CNTN1"
"bioplanet_890","Axon guidance",1277,"COL1A1"
"bioplanet_890","Axon guidance",1278,"COL1A2"
"bioplanet_890","Axon guidance",1280,"COL2A1"
"bioplanet_890","Axon guidance",1281,"COL3A1"
"bioplanet_890","Axon guidance",1282,"COL4A1"
"bioplanet_890","Axon guidance",1284,"COL4A2"
"bioplanet_890","Axon guidance",1285,"COL4A3"
"bioplanet_890","Axon guidance",1286,"COL4A4"
"bioplanet_890","Axon guidance",1287,"COL4A5"
"bioplanet_890","Axon guidance",1289,"COL5A1"
"bioplanet_890","Axon guidance",1290,"COL5A2"
"bioplanet_890","Axon guidance",1291,"COL6A1"
"bioplanet_890","Axon guidance",1292,"COL6A2"
"bioplanet_890","Axon guidance",1293,"COL6A3"
"bioplanet_890","Axon guidance",1297,"COL9A1"
"bioplanet_890","Axon guidance",1298,"COL9A2"
"bioplanet_890","Axon guidance",1299,"COL9A3"
"bioplanet_890","Axon guidance",1385,"CREB1"
"bioplanet_890","Axon guidance",1400,"CRMP1"
"bioplanet_890","Axon guidance",1457,"CSNK2A1"
"bioplanet_890","Axon guidance",1459,"CSNK2A2"
"bioplanet_890","Axon guidance",1460,"CSNK2B"
"bioplanet_890","Axon guidance",1463,"NCAN"
"bioplanet_890","Axon guidance",1630,"DCC"
"bioplanet_890","Axon guidance",1641,"DCX"
"bioplanet_890","Axon guidance",1739,"DLG1"
"bioplanet_890","Axon guidance",1741,"DLG3"
"bioplanet_890","Axon guidance",1742,"DLG4"
"bioplanet_890","Axon guidance",1759,"DNM1"
"bioplanet_890","Axon guidance",1785,"DNM2"
"bioplanet_890","Axon guidance",1793,"DOCK1"
"bioplanet_890","Axon guidance",1808,"DPYSL2"
"bioplanet_890","Axon guidance",1809,"DPYSL3"
"bioplanet_890","Axon guidance",1942,"EFNA1"
"bioplanet_890","Axon guidance",1943,"EFNA2"
"bioplanet_890","Axon guidance",1944,"EFNA3"
"bioplanet_890","Axon guidance",1945,"EFNA4"
"bioplanet_890","Axon guidance",1946,"EFNA5"
"bioplanet_890","Axon guidance",1947,"EFNB1"
"bioplanet_890","Axon guidance",1948,"EFNB2"
"bioplanet_890","Axon guidance",1949,"EFNB3"
"bioplanet_890","Axon guidance",1956,"EGFR"
"bioplanet_890","Axon guidance",1969,"EPHA2"
"bioplanet_890","Axon guidance",2041,"EPHA1"
"bioplanet_890","Axon guidance",2042,"EPHA3"
"bioplanet_890","Axon guidance",2043,"EPHA4"
"bioplanet_890","Axon guidance",2044,"EPHA5"
"bioplanet_890","Axon guidance",2045,"EPHA7"
"bioplanet_890","Axon guidance",2046,"EPHA8"
"bioplanet_890","Axon guidance",2047,"EPHB1"
"bioplanet_890","Axon guidance",2048,"EPHB2"
"bioplanet_890","Axon guidance",2049,"EPHB3"
"bioplanet_890","Axon guidance",2050,"EPHB4"
"bioplanet_890","Axon guidance",2051,"EPHB6"
"bioplanet_890","Axon guidance",2064,"ERBB2"
"bioplanet_890","Axon guidance",2242,"FES"
"bioplanet_890","Axon guidance",2260,"FGFR1"
"bioplanet_890","Axon guidance",2534,"FYN"
"bioplanet_890","Axon guidance",2668,"GDNF"
"bioplanet_890","Axon guidance",2674,"GFRA1"
"bioplanet_890","Axon guidance",2675,"GFRA2"
"bioplanet_890","Axon guidance",2770,"GNAI1"
"bioplanet_890","Axon guidance",2771,"GNAI2"
"bioplanet_890","Axon guidance",2773,"GNAI3"
"bioplanet_890","Axon guidance",2817,"GPC1"
"bioplanet_890","Axon guidance",2885,"GRB2"
"bioplanet_890","Axon guidance",2909,"ARHGAP35"
"bioplanet_890","Axon guidance",2932,"GSK3B"
"bioplanet_890","Axon guidance",3265,"HRAS"
"bioplanet_890","Axon guidance",3320,"HSP90AA1"
"bioplanet_890","Axon guidance",3326,"HSP90AB1"
"bioplanet_890","Axon guidance",3672,"ITGA1"
"bioplanet_890","Axon guidance",3673,"ITGA2"
"bioplanet_890","Axon guidance",3674,"ITGA2B"
"bioplanet_890","Axon guidance",3678,"ITGA5"
"bioplanet_890","Axon guidance",3680,"ITGA9"
"bioplanet_890","Axon guidance",3685,"ITGAV"
"bioplanet_890","Axon guidance",3688,"ITGB1"
"bioplanet_890","Axon guidance",3690,"ITGB3"
"bioplanet_890","Axon guidance",3785,"KCNQ2"
"bioplanet_890","Axon guidance",3786,"KCNQ3"
"bioplanet_890","Axon guidance",3845,"KRAS"
"bioplanet_890","Axon guidance",3897,"L1CAM"
"bioplanet_890","Axon guidance",3912,"LAMB1"
"bioplanet_890","Axon guidance",3915,"LAMC1"
"bioplanet_890","Axon guidance",3983,"ABLIM1"
"bioplanet_890","Axon guidance",3984,"LIMK1"
"bioplanet_890","Axon guidance",3985,"LIMK2"
"bioplanet_890","Axon guidance",4233,"MET"
"bioplanet_890","Axon guidance",4478,"MSN"
"bioplanet_890","Axon guidance",4627,"MYH9"
"bioplanet_890","Axon guidance",4628,"MYH10"
"bioplanet_890","Axon guidance",4629,"MYH11"
"bioplanet_890","Axon guidance",4637,"MYL6"
"bioplanet_890","Axon guidance",4651,"MYO10"
"bioplanet_890","Axon guidance",4684,"NCAM1"
"bioplanet_890","Axon guidance",4690,"NCK1"
"bioplanet_890","Axon guidance",4756,"NEO1"
"bioplanet_890","Axon guidance",4772,"NFATC1"
"bioplanet_890","Axon guidance",4773,"NFATC2"
"bioplanet_890","Axon guidance",4775,"NFATC3"
"bioplanet_890","Axon guidance",4776,"NFATC4"
"bioplanet_890","Axon guidance",4893,"NRAS"
"bioplanet_890","Axon guidance",4897,"NRCAM"
"bioplanet_890","Axon guidance",4902,"NRTN"
"bioplanet_890","Axon guidance",4917,"NTN3"
"bioplanet_890","Axon guidance",5058,"PAK1"
"bioplanet_890","Axon guidance",5062,"PAK2"
"bioplanet_890","Axon guidance",5063,"PAK3"
"bioplanet_890","Axon guidance",5216,"PFN1"
"bioplanet_890","Axon guidance",5217,"PFN2"
"bioplanet_890","Axon guidance",5306,"PITPNA"
"bioplanet_890","Axon guidance",5335,"PLCG1"
"bioplanet_890","Axon guidance",5361,"PLXNA1"
"bioplanet_890","Axon guidance",5362,"PLXNA2"
"bioplanet_890","Axon guidance",5364,"PLXNB1"
"bioplanet_890","Axon guidance",5365,"PLXNB3"
"bioplanet_890","Axon guidance",5530,"PPP3CA"
"bioplanet_890","Axon guidance",5532,"PPP3CB"
"bioplanet_890","Axon guidance",5533,"PPP3CC"
"bioplanet_890","Axon guidance",5534,"PPP3R1"
"bioplanet_890","Axon guidance",5535,"PPP3R2"
"bioplanet_890","Axon guidance",5588,"PRKCQ"
"bioplanet_890","Axon guidance",5594,"MAPK1"
"bioplanet_890","Axon guidance",5595,"MAPK3"
"bioplanet_890","Axon guidance",5604,"MAP2K1"
"bioplanet_890","Axon guidance",5605,"MAP2K2"
"bioplanet_890","Axon guidance",5621,"PRNP"
"bioplanet_890","Axon guidance",5623,"PSPN"
"bioplanet_890","Axon guidance",5747,"PTK2"
"bioplanet_890","Axon guidance",5781,"PTPN11"
"bioplanet_890","Axon guidance",5786,"PTPRA"
"bioplanet_890","Axon guidance",5788,"PTPRC"
"bioplanet_890","Axon guidance",5879,"RAC1"
"bioplanet_890","Axon guidance",5880,"RAC2"
"bioplanet_890","Axon guidance",5881,"RAC3"
"bioplanet_890","Axon guidance",5894,"RAF1"
"bioplanet_890","Axon guidance",5921,"RASA1"
"bioplanet_890","Axon guidance",5962,"RDX"
"bioplanet_890","Axon guidance",5998,"RGS3"
"bioplanet_890","Axon guidance",6091,"ROBO1"
"bioplanet_890","Axon guidance",6092,"ROBO2"
"bioplanet_890","Axon guidance",6093,"ROCK1"
"bioplanet_890","Axon guidance",6195,"RPS6KA1"
"bioplanet_890","Axon guidance",6196,"RPS6KA2"
"bioplanet_890","Axon guidance",6197,"RPS6KA3"
"bioplanet_890","Axon guidance",6237,"RRAS"
"bioplanet_890","Axon guidance",6323,"SCN1A"
"bioplanet_890","Axon guidance",6324,"SCN1B"
"bioplanet_890","Axon guidance",6326,"SCN2A"
"bioplanet_890","Axon guidance",6327,"SCN2B"
"bioplanet_890","Axon guidance",6328,"SCN3A"
"bioplanet_890","Axon guidance",6329,"SCN4A"
"bioplanet_890","Axon guidance",6331,"SCN5A"
"bioplanet_890","Axon guidance",6332,"SCN7A"
"bioplanet_890","Axon guidance",6334,"SCN8A"
"bioplanet_890","Axon guidance",6335,"SCN9A"
"bioplanet_890","Axon guidance",6386,"SDCBP"
"bioplanet_890","Axon guidance",6387,"CXCL12"
"bioplanet_890","Axon guidance",6405,"SEMA3F"
"bioplanet_890","Axon guidance",6456,"SH3GL2"
"bioplanet_890","Axon guidance",6477,"SIAH1"
"bioplanet_890","Axon guidance",6478,"SIAH2"
"bioplanet_890","Axon guidance",6585,"SLIT1"
"bioplanet_890","Axon guidance",6586,"SLIT3"
"bioplanet_890","Axon guidance",6654,"SOS1"
"bioplanet_890","Axon guidance",6655,"SOS2"
"bioplanet_890","Axon guidance",6708,"SPTA1"
"bioplanet_890","Axon guidance",6709,"SPTAN1"
"bioplanet_890","Axon guidance",6710,"SPTB"
"bioplanet_890","Axon guidance",6711,"SPTBN1"
"bioplanet_890","Axon guidance",6712,"SPTBN2"
"bioplanet_890","Axon guidance",6714,"SRC"
"bioplanet_890","Axon guidance",6900,"CNTN2"
"bioplanet_890","Axon guidance",7094,"TLN1"
"bioplanet_890","Axon guidance",7204,"TRIO"
"bioplanet_890","Axon guidance",7220,"TRPC1"
"bioplanet_890","Axon guidance",7222,"TRPC3"
"bioplanet_890","Axon guidance",7223,"TRPC4"
"bioplanet_890","Axon guidance",7224,"TRPC5"
"bioplanet_890","Axon guidance",7225,"TRPC6"
"bioplanet_890","Axon guidance",7305,"TYROBP"
"bioplanet_890","Axon guidance",7408,"VASP"
"bioplanet_890","Axon guidance",7410,"VAV2"
"bioplanet_890","Axon guidance",7430,"EZR"
"bioplanet_890","Axon guidance",7529,"YWHAB"
"bioplanet_890","Axon guidance",7852,"CXCR4"
"bioplanet_890","Axon guidance",7869,"SEMA3B"
"bioplanet_890","Axon guidance",7903,"ST8SIA4"
"bioplanet_890","Axon guidance",8128,"ST8SIA2"
"bioplanet_890","Axon guidance",8440,"NCK2"
"bioplanet_890","Axon guidance",8482,"SEMA7A"
"bioplanet_890","Axon guidance",8506,"CNTNAP1"
"bioplanet_890","Axon guidance",8633,"UNC5C"
"bioplanet_890","Axon guidance",8650,"NUMB"
"bioplanet_890","Axon guidance",8828,"NRP2"
"bioplanet_890","Axon guidance",8829,"NRP1"
"bioplanet_890","Axon guidance",8851,"CDK5R1"
"bioplanet_890","Axon guidance",8911,"CACNA1I"
"bioplanet_890","Axon guidance",8912,"CACNA1H"
"bioplanet_890","Axon guidance",8913,"CACNA1G"
"bioplanet_890","Axon guidance",8976,"WASL"
"bioplanet_890","Axon guidance",8986,"RPS6KA4"
"bioplanet_890","Axon guidance",9037,"SEMA5A"
"bioplanet_890","Axon guidance",9048,"ARTN"
"bioplanet_890","Axon guidance",9252,"RPS6KA5"
"bioplanet_890","Axon guidance",9353,"SLIT2"
"bioplanet_890","Axon guidance",9423,"NTN1"
"bioplanet_890","Axon guidance",9475,"ROCK2"
"bioplanet_890","Axon guidance",9723,"SEMA3E"
"bioplanet_890","Axon guidance",9826,"ARHGEF11"
"bioplanet_890","Axon guidance",9855,"FARP2"
"bioplanet_890","Axon guidance",9901,"SRGAP3"
"bioplanet_890","Axon guidance",10048,"RANBP9"
"bioplanet_890","Axon guidance",10154,"PLXNC1"
"bioplanet_890","Axon guidance",10298,"PAK4"
"bioplanet_890","Axon guidance",10371,"SEMA3A"
"bioplanet_890","Axon guidance",10398,"MYL9"
"bioplanet_890","Axon guidance",10486,"CAP2"
"bioplanet_890","Axon guidance",10487,"CAP1"
"bioplanet_890","Axon guidance",10500,"SEMA6C"
"bioplanet_890","Axon guidance",10501,"SEMA6B"
"bioplanet_890","Axon guidance",10505,"SEMA4F"
"bioplanet_890","Axon guidance",10507,"SEMA4D"
"bioplanet_890","Axon guidance",10509,"SEMA4B"
"bioplanet_890","Axon guidance",10512,"SEMA3C"
"bioplanet_890","Axon guidance",10570,"DPYSL4"
"bioplanet_890","Axon guidance",10725,"NFAT5"
"bioplanet_890","Axon guidance",10752,"CHL1"
"bioplanet_890","Axon guidance",10963,"STIP1"
"bioplanet_890","Axon guidance",11261,"CHP1"
"bioplanet_890","Axon guidance",22854,"NTNG1"
"bioplanet_890","Axon guidance",22885,"ABLIM3"
"bioplanet_890","Axon guidance",23114,"NFASC"
"bioplanet_890","Axon guidance",23122,"CLASP2"
"bioplanet_890","Axon guidance",23129,"PLXND1"
"bioplanet_890","Axon guidance",23332,"CLASP1"
"bioplanet_890","Axon guidance",23365,"ARHGEF12"
"bioplanet_890","Axon guidance",23380,"SRGAP2"
"bioplanet_890","Axon guidance",23396,"PIP5K1C"
"bioplanet_890","Axon guidance",23654,"PLXNB2"
"bioplanet_890","Axon guidance",24137,"KIF4A"
"bioplanet_890","Axon guidance",25791,"NGEF"
"bioplanet_890","Axon guidance",26052,"DNM3"
"bioplanet_890","Axon guidance",27255,"CNTN6"
"bioplanet_890","Axon guidance",27289,"RND1"
"bioplanet_890","Axon guidance",27330,"RPS6KA6"
"bioplanet_890","Axon guidance",29984,"RHOD"
"bioplanet_890","Axon guidance",51332,"SPTBN5"
"bioplanet_890","Axon guidance",51466,"EVL"
"bioplanet_890","Axon guidance",54209,"TREM2"
"bioplanet_890","Axon guidance",54437,"SEMA5B"
"bioplanet_890","Axon guidance",54910,"SEMA4C"
"bioplanet_890","Axon guidance",55558,"PLXNA3"
"bioplanet_890","Axon guidance",55740,"ENAH"
"bioplanet_890","Axon guidance",55800,"SCN3B"
"bioplanet_890","Axon guidance",56896,"DPYSL5"
"bioplanet_890","Axon guidance",56920,"SEMA3G"
"bioplanet_890","Axon guidance",56924,"PAK6"
"bioplanet_890","Axon guidance",56963,"RGMA"
"bioplanet_890","Axon guidance",57113,"TRPC7"
"bioplanet_890","Axon guidance",57144,"PAK7"
"bioplanet_890","Axon guidance",57522,"SRGAP1"
"bioplanet_890","Axon guidance",57556,"SEMA6A"
"bioplanet_890","Axon guidance",57689,"LRRC4C"
"bioplanet_890","Axon guidance",57698,"KIAA1598"
"bioplanet_890","Axon guidance",57715,"SEMA4G"
"bioplanet_890","Axon guidance",57731,"SPTBN4"
"bioplanet_890","Axon guidance",59277,"NTN4"
"bioplanet_890","Axon guidance",63928,"CHP2"
"bioplanet_890","Axon guidance",64096,"GFRA4"
"bioplanet_890","Axon guidance",64218,"SEMA4A"
"bioplanet_890","Axon guidance",64221,"ROBO3"
"bioplanet_890","Axon guidance",79784,"MYH14"
"bioplanet_890","Axon guidance",80031,"SEMA6D"
"bioplanet_890","Axon guidance",80728,"ARHGAP39"
"bioplanet_890","Axon guidance",84448,"ABLIM2"
"bioplanet_890","Axon guidance",90249,"UNC5A"
"bioplanet_890","Axon guidance",91584,"PLXNA4"
"bioplanet_890","Axon guidance",103910,"MYL12B"
"bioplanet_890","Axon guidance",116986,"AGAP2"
"bioplanet_890","Axon guidance",131873,"COL6A6"
"bioplanet_890","Axon guidance",137970,"UNC5D"
"bioplanet_890","Axon guidance",148738,"HFE2"
"bioplanet_890","Axon guidance",219699,"UNC5B"
"bioplanet_890","Axon guidance",223117,"SEMA3D"
"bioplanet_890","Axon guidance",256076,"COL6A5"
"bioplanet_890","Axon guidance",284217,"LAMA1"
"bioplanet_890","Axon guidance",285220,"EPHA6"
"bioplanet_890","Axon guidance",285643,"KIF4B"
"bioplanet_890","Axon guidance",285704,"RGMB"
"bioplanet_890","Axon guidance",375790,"AGRN"
"bioplanet_890","Axon guidance",100133941,"CD24"
