source	target	interaction	Weight	neighborhood	fusion	cooccurence	coexpression	experimental	database	textmining	combined_score
A1BG	ABCC6	experimental	204	0	0	0	47	204	0	0	208
A1BG	ABL1	experimental	81	0	0	0	0	81	0	177	211
A1BG	ACHE	experimental	127	0	0	0	56	127	0	54	152
A1BG	ACTB	experimental	46	0	0	0	0	46	0	163	166
A1BG	ACTN1	experimental	45	0	0	0	0	45	0	158	161
A1BG	ADAT1	experimental	52	0	0	0	0	52	0	351	357
A1BG	AGMAT	experimental	137	0	0	0	54	137	0	65	170
A1BG	AHSG	experimental	467	0	0	0	100	67	400	736	849
A1BG	AKIRIN2	experimental	292	0	0	0	0	292	0	0	292
AAGAB	PLEKHA7	experimental	296	0	0	0	0	296	0	0	295
AAK1	PLEKHA7	experimental	292	0	0	0	0	292	0	63	308
AASDHPPT	PLEKHA7	experimental	292	0	0	0	0	292	0	0	292
ABHD14A-ACY1	PLEKHA7	experimental	98	0	0	0	0	98	0	103	156
ABLIM1	PLEKHA7	experimental	292	0	0	0	47	292	0	0	296
ACAA1	PLEKHA7	experimental	292	0	0	0	0	292	0	0	292
ACAT1	PLEKHA7	experimental	292	0	0	0	0	292	0	0	292
ACLY	PLEKHA7	experimental	292	0	0	0	0	292	0	0	292
ACTB	PLEKHA7	experimental	88	0	0	0	0	88	0	124	166
ACTC1	PLEKHA7	experimental	327	0	0	0	0	327	0	63	342
ACTG1	PLEKHA7	experimental	327	0	0	0	0	327	0	63	342
ACTL8	PLEKHA7	experimental	327	0	0	0	0	327	0	63	342
ACTN1	PLEKHA7	experimental	292	0	0	0	0	292	0	111	343
ACTN4	PLEKHA7	experimental	292	0	0	0	0	292	0	44	294
ACTR1A	PLEKHA7	experimental	327	0	0	0	0	327	0	63	342
ACTR2	PLEKHA7	experimental	329	0	0	0	0	329	0	65	345
ACTR3	PLEKHA7	experimental	327	0	0	0	54	327	0	63	351
ACY1	PLEKHA7	experimental	98	0	0	0	0	98	0	103	156
ADA	PLEKHA7	experimental	310	0	0	0	0	310	0	0	310
ADAM10	PLEKHA7	database	720	0	0	0	0	0	720	277	788
ADD1	PLEKHA7	experimental	322	0	0	0	0	322	0	126	381
ADD3	PLEKHA7	experimental	322	0	0	0	0	322	0	67	339
ADRM1	PLEKHA7	experimental	292	0	0	0	0	292	0	71	314
AFDN	PLEKHA7	experimental	845	0	0	0	58	125	720	651	908
AGO2	PLEKHA7	experimental	292	0	0	0	0	292	0	119	349
AHCY	PLEKHA7	experimental	292	0	0	0	0	292	0	71	314
AHNAK	PLEKHA7	experimental	333	0	0	0	0	333	0	49	338
AHSA1	PLEKHA7	experimental	292	0	0	0	0	292	0	0	292
AIMP1	PLEKHA7	experimental	302	0	0	0	0	302	0	0	301
AIMP2	PLEKHA7	experimental	292	0	0	0	0	292	0	78	319
ALDOA	PLEKHA7	experimental	292	0	0	0	0	292	0	0	292
ALK	PLEKHA7	experimental	71	0	0	0	0	71	0	215	239
ALPG	PLEKHA7	experimental	292	0	0	0	0	292	0	78	319
ALPI	PLEKHA7	experimental	292	0	0	0	0	292	0	51	299
AMPH	PLEKHA7	experimental	148	0	0	0	55	148	0	44	163
ANXA2	PLEKHA7	experimental	329	0	0	0	0	329	0	64	345
ANXA7	PLEKHA7	experimental	329	0	0	0	0	329	0	64	345
AP1B1	PLEKHA7	experimental	292	0	0	0	0	292	0	0	292
AP1G1	PLEKHA7	experimental	292	0	0	0	54	292	0	49	307
AP1M1	PLEKHA7	experimental	301	0	0	0	0	301	0	45	303
AP1M2	PLEKHA7	experimental	301	0	0	0	63	301	0	121	373
AP2A1	PLEKHA7	experimental	292	0	0	0	0	292	0	65	309
AP2A2	PLEKHA7	experimental	292	0	0	0	0	292	0	52	300
AP2B1	PLEKHA7	experimental	292	0	0	0	0	292	0	0	292
AP2M1	PLEKHA7	experimental	292	0	0	0	55	292	0	0	302
APOBEC3F	PLEKHA7	experimental	292	0	0	0	0	292	0	0	292
APOE	PLEKHA7	experimental	292	0	0	0	0	292	0	0	292
ARFGAP1	PLEKHA7	experimental	292	0	0	0	0	292	0	0	292
ARFGEF2	PLEKHA7	experimental	109	0	0	0	58	109	0	179	251
ARPC1A	PLEKHA7	experimental	292	0	0	0	0	292	0	0	292
ARPC1B	PLEKHA7	experimental	292	0	0	0	0	292	0	0	292
ARPC2	PLEKHA7	experimental	292	0	0	0	0	292	0	0	292
ARRDC1	PLEKHA7	experimental	269	0	0	0	0	269	0	113	323
ARRDC2	PLEKHA7	experimental	269	0	0	0	0	269	0	113	323
ARRDC3	PLEKHA7	experimental	269	0	0	0	0	269	0	113	323
ARRDC4	PLEKHA7	experimental	269	0	0	0	47	269	0	113	328
ARRDC5	PLEKHA7	experimental	269	0	0	0	0	269	0	113	323
ASH2L	PLEKHA7	experimental	292	0	0	0	0	292	0	53	300
ASIC1	PLEKHA7	experimental	100	0	0	0	0	100	0	137	190
ASIC2	PLEKHA7	experimental	100	0	0	0	0	100	0	168	218
ASIC3	PLEKHA7	experimental	100	0	0	0	0	100	0	116	170
ASIC4	PLEKHA7	experimental	100	0	0	0	0	100	0	112	166
ASIC5	PLEKHA7	experimental	100	0	0	0	0	100	0	137	190
ATP13A4	PLEKHA7	experimental	46	0	0	0	47	46	0	176	185
ATP1A1	PLEKHA7	experimental	296	0	0	0	0	296	0	0	295
ATP1B3	PLEKHA7	experimental	292	0	0	0	0	292	0	0	292
ATP2B1	PLEKHA7	experimental	46	0	0	0	0	46	0	475	477
ATP6AP1	PLEKHA7	experimental	292	0	0	0	0	292	0	0	292
ATP6V0A1	PLEKHA7	experimental	292	0	0	0	0	292	0	80	320
ATP6V0D1	PLEKHA7	experimental	292	0	0	0	0	292	0	0	292
ATP6V1A	PLEKHA7	experimental	292	0	0	0	0	292	0	0	292
ATP6V1C1	PLEKHA7	experimental	292	0	0	0	0	292	0	0	292
ATXN2L	PLEKHA7	experimental	292	0	0	0	55	292	0	0	302
AURKA	PLEKHA7	experimental	292	0	0	0	0	292	0	0	292
B9D2	PLEKHA7	experimental	131	0	0	0	0	131	0	67	154
BAG5	PLEKHA7	experimental	292	0	0	0	0	292	0	0	292
BAK1	PLEKHA7	database	720	0	0	0	0	0	720	0	720
BASP1	PLEKHA7	experimental	292	0	0	0	0	292	0	0	292
BAX	PLEKHA7	database	720	0	0	0	0	0	720	0	720
BCAR1	PLEKHA7	experimental	88	0	0	0	0	88	0	196	235
BCL2	PLEKHA7	database	720	0	0	0	0	0	720	0	720
BIN1	PLEKHA7	experimental	371	0	0	0	55	371	0	44	382
BIN2	PLEKHA7	experimental	148	0	0	0	55	148	0	44	163
BIN3	PLEKHA7	experimental	148	0	0	0	55	148	0	44	163
BIRC6	PLEKHA7	experimental	255	0	0	0	49	255	0	187	373
BMP2K	PLEKHA7	experimental	292	0	0	0	0	292	0	63	308
BOD1L1	PLEKHA7	experimental	292	0	0	0	0	292	0	0	292
BROX	PLEKHA7	experimental	114	0	0	0	0	114	0	81	150
BST2	PLEKHA7	experimental	292	0	0	0	0	292	0	0	292
BUB3	PLEKHA7	experimental	292	0	0	0	0	292	0	65	309
BZW1	PLEKHA7	experimental	292	0	0	0	0	292	0	0	292
C10orf88	PLEKHA7	experimental	292	0	0	0	0	292	0	0	292
C1QBP	PLEKHA7	experimental	292	0	0	0	0	292	0	0	292
C1orf198	PLEKHA7	experimental	292	0	0	0	44	292	0	0	294
C1orf35	PLEKHA7	experimental	292	0	0	0	0	292	0	0	292
C5	PLEKHA7	experimental	795	0	0	0	0	75	720	0	729
C6	PLEKHA7	database	720	0	0	0	0	0	720	0	720
C7	PLEKHA7	database	720	0	0	0	42	0	720	0	720
C8A	PLEKHA7	database	720	0	0	0	0	0	720	0	720
C8B	PLEKHA7	database	720	0	0	0	0	0	720	0	720
C8G	PLEKHA7	database	540	0	0	0	0	0	540	0	540
C9	PLEKHA7	database	720	0	0	0	0	0	720	0	720
CABCOCO1	PLEKHA7	experimental	63	0	0	0	0	63	0	529	539
CAD	PLEKHA7	experimental	133	0	0	0	0	133	0	73	161
CADM1	PLEKHA7	experimental	295	0	0	0	0	295	0	56	305
CALCOCO1	PLEKHA7	experimental	313	0	0	0	0	313	0	52	321
CALCOCO2	PLEKHA7	experimental	313	0	0	0	0	313	0	52	321
CALD1	PLEKHA7	experimental	311	0	0	0	0	311	0	49	316
CALR	PLEKHA7	experimental	292	0	0	0	0	292	0	0	292
CAMSAP2	PLEKHA7	experimental	100	0	0	0	61	100	0	220	283
CAMSAP3	PLEKHA7	experimental	292	0	0	0	116	292	0	991	993
CAPRIN1	PLEKHA7	experimental	292	0	0	0	0	292	0	0	292
CAPZA1	PLEKHA7	experimental	310	0	0	0	0	310	0	0	309
CAPZA2	PLEKHA7	experimental	310	0	0	0	0	310	0	0	309
CASK	PLEKHA7	experimental	311	0	0	0	60	311	0	0	324
CCAR2	PLEKHA7	experimental	292	0	0	0	0	292	0	0	292
CCDC17	PLEKHA7	experimental	126	0	0	0	66	126	0	46	153
CCNY	PLEKHA7	experimental	292	0	0	0	0	292	0	0	292
CCT3	PLEKHA7	experimental	305	0	0	0	0	305	0	64	321
CCT5	PLEKHA7	experimental	305	0	0	0	0	305	0	64	321
CCT6A	PLEKHA7	experimental	305	0	0	0	0	305	0	64	321
CCT8	PLEKHA7	experimental	292	0	0	0	0	292	0	0	292
CD2AP	PLEKHA7	experimental	313	0	0	0	0	313	0	0	312
CD34	PLEKHA7	database	720	0	0	0	50	0	720	0	722
CD55	PLEKHA7	experimental	292	0	0	0	0	292	0	0	292
CDC34	PLEKHA7	experimental	133	0	0	0	0	133	0	76	164
CDC42	PLEKHA7	experimental	133	0	0	0	0	133	0	189	267
CDCA3	PLEKHA7	experimental	292	0	0	0	0	292	0	0	292
CDH1	PLEKHA7	experimental	598	0	0	0	67	598	0	567	823
CDK15	PLEKHA7	experimental	67	0	0	0	0	67	0	138	161
CEBPA	PLEKHA7	experimental	292	0	0	0	0	292	0	0	292
CEP83	PLEKHA7	experimental	82	0	0	0	0	82	0	142	178
CFL1	PLEKHA7	experimental	308	0	0	0	0	308	0	60	321
CGN	PLEKHA7	experimental	337	0	0	0	264	337	0	783	884
CHMP4B	PLEKHA7	experimental	292	0	0	0	0	292	0	85	324
CHORDC1	PLEKHA7	experimental	292	0	0	0	0	292	0	0	292
CIAO1	PLEKHA7	experimental	292	0	0	0	0	292	0	0	292
CIAPIN1	PLEKHA7	experimental	292	0	0	0	0	292	0	0	292
CKAP4	PLEKHA7	experimental	292	0	0	0	0	292	0	0	292
CKB	PLEKHA7	experimental	292	0	0	0	43	292	0	0	293
CLASP2	PLEKHA7	experimental	57	0	0	0	0	57	0	181	194
CLDND1	PLEKHA7	experimental	292	0	0	0	0	292	0	0	292
CLHC1	PLEKHA7	experimental	71	0	0	0	116	71	0	90	187
CLINT1	PLEKHA7	experimental	292	0	0	0	45	292	0	66	313
CLNS1A	PLEKHA7	experimental	292	0	0	0	0	292	0	0	292
CLTA	PLEKHA7	experimental	292	0	0	0	0	292	0	82	322
CLTB	PLEKHA7	experimental	292	0	0	0	0	292	0	82	322
CLTC	PLEKHA7	experimental	314	0	0	0	109	314	0	111	409
CLTCL1	PLEKHA7	experimental	71	0	0	0	109	71	0	90	180
CLU	PLEKHA7	experimental	292	0	0	0	0	292	0	0	292
CMAS	PLEKHA7	experimental	292	0	0	0	0	292	0	0	292
CMYA5	PLEKHA7	experimental	71	0	0	0	44	71	0	202	228
CNFN	PLEKHA7	experimental	133	0	0	0	42	133	0	76	165
CNN2	PLEKHA7	experimental	292	0	0	0	0	292	0	0	292
CNN3	PLEKHA7	experimental	292	0	0	0	49	292	0	0	297
CNP	PLEKHA7	experimental	292	0	0	0	0	292	0	0	292
CNTN4	PLEKHA7	experimental	292	0	0	0	0	292	0	0	292
COBL	PLEKHA7	experimental	295	0	0	0	62	295	0	56	321
COBLL1	PLEKHA7	experimental	334	0	0	0	54	334	0	55	352
COPG1	PLEKHA7	experimental	314	0	0	0	57	314	0	0	325
COPS3	PLEKHA7	experimental	292	0	0	0	0	292	0	0	292
COPS4	PLEKHA7	experimental	292	0	0	0	0	292	0	0	292
CORO1B	PLEKHA7	experimental	292	0	0	0	53	292	0	72	323
CORO1C	PLEKHA7	experimental	292	0	0	0	53	292	0	72	323
CPNE1	PLEKHA7	experimental	292	0	0	0	0	292	0	0	292
CPS1	PLEKHA7	experimental	133	0	0	0	0	133	0	73	161
CPSF3	PLEKHA7	experimental	292	0	0	0	0	292	0	0	292
CRACD	PLEKHA7	experimental	322	0	0	0	0	322	0	45	325
CRKL	PLEKHA7	experimental	292	0	0	0	0	292	0	0	292
CSNK1A1	PLEKHA7	experimental	292	0	0	0	56	292	0	59	316
CSNK1D	PLEKHA7	experimental	292	0	0	0	0	292	0	45	294
CSNK1G3	PLEKHA7	experimental	292	0	0	0	52	292	0	77	326
CSNK2A1	PLEKHA7	experimental	314	0	0	0	0	314	0	81	342
CTNNA1	PLEKHA7	experimental	606	0	0	0	48	606	0	577	827
CTNNB1	PLEKHA7	experimental	609	0	0	0	0	609	0	261	698
CTNND1	PLEKHA7	experimental	510	0	0	0	63	510	0	946	973
CTTN	PLEKHA7	experimental	322	0	0	0	0	322	0	77	347
CUL1	PLEKHA7	experimental	69	0	0	0	0	69	0	128	153
CXADR	PLEKHA7	experimental	297	0	0	0	42	297	0	0	297
CXXC1	PLEKHA7	experimental	294	0	0	0	0	294	0	0	294
CYP17A1	PLEKHA7	experimental	52	0	0	0	0	52	0	355	362
DAB2	PLEKHA7	experimental	292	0	0	0	0	292	0	0	292
DAG1	PLEKHA7	experimental	91	0	0	0	74	91	0	76	154
DBN1	PLEKHA7	experimental	292	0	0	0	47	292	0	127	359
DCAF7	PLEKHA7	experimental	292	0	0	0	0	292	0	42	292
DCD	PLEKHA7	database	540	0	0	0	0	0	540	0	540
DCP1A	PLEKHA7	experimental	292	0	0	0	0	292	0	0	292
DCP1B	PLEKHA7	experimental	292	0	0	0	0	292	0	0	292
DCUN1D3	PLEKHA7	experimental	292	0	0	0	44	292	0	0	294
DDX1	PLEKHA7	experimental	327	0	0	0	0	327	0	47	330
DDX17	PLEKHA7	experimental	327	0	0	0	0	327	0	47	330
DDX20	PLEKHA7	experimental	327	0	0	0	42	327	0	47	331
DDX21	PLEKHA7	experimental	327	0	0	0	0	327	0	47	330
DDX3X	PLEKHA7	experimental	327	0	0	0	0	327	0	47	330
DDX41	PLEKHA7	experimental	292	0	0	0	0	292	0	0	292
DDX42	PLEKHA7	experimental	327	0	0	0	0	327	0	47	330
DDX5	PLEKHA7	experimental	327	0	0	0	0	327	0	47	330
DDX6	PLEKHA7	experimental	327	0	0	0	60	327	0	69	359
DENND1A	PLEKHA7	experimental	329	0	0	0	0	329	0	72	350
DGCR8	PLEKHA7	experimental	46	0	0	0	0	46	0	365	368
DHCR7	PLEKHA7	experimental	292	0	0	0	47	292	0	0	296
DHPS	PLEKHA7	experimental	292	0	0	0	0	292	0	0	292
DHX15	PLEKHA7	experimental	292	0	0	0	0	292	0	74	316
DICER1	PLEKHA7	experimental	295	0	0	0	56	295	0	60	319
DLG1	PLEKHA7	experimental	311	0	0	0	0	311	0	0	311
DLG5	PLEKHA7	experimental	67	0	0	0	47	67	0	123	152
DLST	PLEKHA7	experimental	292	0	0	0	0	292	0	0	292
DNAH14	PLEKHA7	experimental	50	0	0	0	0	50	0	150	157
DNAH3	PLEKHA7	experimental	50	0	0	0	0	50	0	201	208
DNAH6	PLEKHA7	experimental	50	0	0	0	0	50	0	160	167
DNAJA1	PLEKHA7	experimental	301	0	0	0	0	301	0	52	308
DNAJA2	PLEKHA7	experimental	301	0	0	0	0	301	0	52	308
DNAJA3	PLEKHA7	experimental	301	0	0	0	0	301	0	0	300
DNAJB1	PLEKHA7	experimental	301	0	0	0	0	301	0	0	300
DNAJB11	PLEKHA7	experimental	301	0	0	0	0	301	0	0	300
DNAJB12	PLEKHA7	experimental	301	0	0	0	0	301	0	0	300
DNAJB2	PLEKHA7	experimental	301	0	0	0	0	301	0	0	300
DNMBP	PLEKHA7	experimental	355	0	0	0	49	355	0	48	365
DPP4	PLEKHA7	experimental	292	0	0	0	51	292	0	71	321
DRG1	PLEKHA7	experimental	292	0	0	0	0	292	0	0	292
DROSHA	PLEKHA7	experimental	45	0	0	0	0	45	0	364	366
DSG2	PLEKHA7	experimental	292	0	0	0	67	292	0	57	322
DSP	PLEKHA7	experimental	292	0	0	0	72	292	0	165	403
EBF1	PLEKHA7	experimental	138	0	0	0	0	138	0	226	304
EBF2	PLEKHA7	experimental	138	0	0	0	0	138	0	100	191
EBF3	PLEKHA7	experimental	138	0	0	0	42	138	0	100	191
EBF4	PLEKHA7	experimental	138	0	0	0	0	138	0	100	191
EDC3	PLEKHA7	experimental	292	0	0	0	0	292	0	0	292
EDC4	PLEKHA7	experimental	292	0	0	0	0	292	0	0	292
EEF1A1	PLEKHA7	experimental	331	0	0	0	0	331	0	101	372
EEF1A2	PLEKHA7	experimental	94	0	0	0	0	94	0	101	150
EEF1D	PLEKHA7	experimental	292	0	0	0	0	292	0	0	292
EEF1G	PLEKHA7	experimental	292	0	0	0	0	292	0	44	294
EEF2	PLEKHA7	experimental	311	0	0	0	0	311	0	69	331
EGFR	PLEKHA7	experimental	100	0	0	0	49	100	0	174	231
EHD1	PLEKHA7	experimental	315	0	0	0	0	315	0	0	314
EIF2S1	PLEKHA7	experimental	292	0	0	0	0	292	0	0	292
EIF3A	PLEKHA7	experimental	292	0	0	0	0	292	0	0	292
EIF3B	PLEKHA7	experimental	292	0	0	0	0	292	0	51	299
EIF3D	PLEKHA7	experimental	292	0	0	0	0	292	0	69	312
EIF3G	PLEKHA7	experimental	292	0	0	0	0	292	0	0	292
EIF3H	PLEKHA7	experimental	292	0	0	0	0	292	0	0	292
EIF3I	PLEKHA7	experimental	292	0	0	0	0	292	0	0	292
EIF3J	PLEKHA7	experimental	292	0	0	0	0	292	0	0	292
EIF3M	PLEKHA7	experimental	292	0	0	0	0	292	0	0	292
EIF4A1	PLEKHA7	experimental	327	0	0	0	47	327	0	47	335
EIF4A3	PLEKHA7	experimental	327	0	0	0	0	327	0	47	330
EIF4B	PLEKHA7	experimental	314	0	0	0	0	314	0	0	314
EIF4ENIF1	PLEKHA7	experimental	310	0	0	0	49	310	0	0	316
ELAVL1	PLEKHA7	experimental	292	0	0	0	0	292	0	90	328
EMD	PLEKHA7	experimental	292	0	0	0	0	292	0	48	297
EML4	PLEKHA7	experimental	292	0	0	0	0	292	0	275	464
EMP2	PLEKHA7	experimental	292	0	0	0	44	292	0	0	294
ENSP00000493701	PLEKHA7	experimental	159	0	0	0	0	159	0	68	182
EPB41L1	PLEKHA7	experimental	292	0	0	0	70	292	0	0	313
EPB41L2	PLEKHA7	experimental	292	0	0	0	62	292	0	0	307
EPB41L5	PLEKHA7	experimental	292	0	0	0	60	292	0	44	308
EPCAM	PLEKHA7	experimental	292	0	0	0	68	292	0	0	311
EPN1	PLEKHA7	experimental	313	0	0	0	0	313	0	53	322
EPN3	PLEKHA7	experimental	313	0	0	0	62	313	0	53	336
EPRS1	PLEKHA7	experimental	292	0	0	0	0	292	0	0	292
EPS15	PLEKHA7	experimental	317	0	0	0	0	317	0	52	324
EPS15L1	PLEKHA7	experimental	317	0	0	0	0	317	0	52	324
EPS8L2	PLEKHA7	experimental	329	0	0	0	60	329	0	0	342
EPSTI1	PLEKHA7	experimental	292	0	0	0	0	292	0	0	292
ERAL1	PLEKHA7	experimental	292	0	0	0	0	292	0	0	292
ERLIN1	PLEKHA7	experimental	292	0	0	0	0	292	0	0	292
ERLIN2	PLEKHA7	experimental	292	0	0	0	49	292	0	0	297
ERP44	PLEKHA7	experimental	305	0	0	0	0	305	0	0	305
ESYT2	PLEKHA7	experimental	54	0	0	0	0	54	0	233	243
EXOSC7	PLEKHA7	experimental	292	0	0	0	0	292	0	0	292
EXOSC8	PLEKHA7	experimental	292	0	0	0	0	292	0	0	292
EZR	PLEKHA7	experimental	331	0	0	0	44	331	0	46	336
F11R	PLEKHA7	experimental	52	0	0	0	62	52	0	129	157
FAM126A	PLEKHA7	experimental	292	0	0	0	0	292	0	0	292
FAM221A	PLEKHA7	experimental	292	0	0	0	76	292	0	0	317
FARP1	PLEKHA7	experimental	292	0	0	0	49	292	0	0	297
FASN	PLEKHA7	experimental	292	0	0	0	42	292	0	52	300
FAU	PLEKHA7	experimental	159	0	0	0	0	159	0	68	182
FBXO22	PLEKHA7	experimental	292	0	0	0	0	292	0	0	292
FBXW7	PLEKHA7	experimental	292	0	0	0	0	292	0	46	295
FCHO2	PLEKHA7	experimental	292	0	0	0	43	292	0	0	293
FDFT1	PLEKHA7	experimental	292	0	0	0	0	292	0	55	302
FGFR3	PLEKHA7	experimental	46	0	0	0	63	46	0	203	225
FGL1	PLEKHA7	experimental	384	0	0	0	0	384	0	0	384
FH	PLEKHA7	experimental	292	0	0	0	0	292	0	0	292
FILIP1	PLEKHA7	experimental	70	0	0	0	0	70	0	135	161
FLII	PLEKHA7	experimental	292	0	0	0	0	292	0	43	293
FLNA	PLEKHA7	experimental	292	0	0	0	0	292	0	119	349
FLOT1	PLEKHA7	experimental	329	0	0	0	0	329	0	0	329
FLOT2	PLEKHA7	experimental	292	0	0	0	0	292	0	0	292
FMNL2	PLEKHA7	experimental	329	0	0	0	0	329	0	114	380
FMR1	PLEKHA7	experimental	292	0	0	0	0	292	0	62	307
FN3K	PLEKHA7	experimental	292	0	0	0	49	292	0	0	297
FNDC3B	PLEKHA7	experimental	45	0	0	0	0	45	0	151	155
FOLR1	PLEKHA7	experimental	292	0	0	0	42	292	0	0	292
FRMD6	PLEKHA7	experimental	138	0	0	0	47	138	0	91	188
FUS	PLEKHA7	experimental	292	0	0	0	0	292	0	0	292
FXR1	PLEKHA7	experimental	292	0	0	0	0	292	0	52	300
G3BP1	PLEKHA7	experimental	314	0	0	0	0	314	0	101	357
G3BP2	PLEKHA7	experimental	314	0	0	0	0	314	0	80	342
GAK	PLEKHA7	experimental	314	0	0	0	53	314	0	113	373
GANAB	PLEKHA7	experimental	292	0	0	0	44	292	0	0	294
GAPDH	PLEKHA7	experimental	292	0	0	0	0	292	0	109	342
GDI2	PLEKHA7	experimental	292	0	0	0	60	292	0	0	306
GEMIN2	PLEKHA7	experimental	292	0	0	0	0	292	0	0	292
GEMIN4	PLEKHA7	experimental	292	0	0	0	0	292	0	0	292
GEMIN5	PLEKHA7	experimental	292	0	0	0	0	292	0	0	292
GEMIN8	PLEKHA7	experimental	292	0	0	0	42	292	0	0	292
GGH	PLEKHA7	experimental	292	0	0	0	0	292	0	0	292
GIPC1	PLEKHA7	experimental	292	0	0	0	49	292	0	0	297
GJA1	PLEKHA7	experimental	389	0	0	0	0	389	0	0	389
GLDC	PLEKHA7	experimental	292	0	0	0	42	292	0	0	292
GLG1	PLEKHA7	experimental	292	0	0	0	0	292	0	44	294
GLI3	PLEKHA7	experimental	71	0	0	256	0	71	0	0	279
GLIS3	PLEKHA7	experimental	71	0	0	0	43	71	0	396	416
GLRX3	PLEKHA7	experimental	292	0	0	0	0	292	0	0	292
GNA11	PLEKHA7	experimental	292	0	0	0	63	292	0	0	308
GNA13	PLEKHA7	experimental	292	0	0	0	0	292	0	0	292
GNAI2	PLEKHA7	experimental	292	0	0	0	0	292	0	0	292
GNAI3	PLEKHA7	experimental	292	0	0	0	0	292	0	0	292
GNAQ	PLEKHA7	experimental	292	0	0	0	55	292	0	0	302
GNAS	PLEKHA7	experimental	292	0	0	0	0	292	0	69	312
GNB1	PLEKHA7	experimental	314	0	0	0	52	314	0	90	356
GNB2	PLEKHA7	experimental	314	0	0	0	52	314	0	90	356
GNB3	PLEKHA7	experimental	71	0	0	0	52	71	0	165	200
GNPDA1	PLEKHA7	experimental	292	0	0	0	0	292	0	118	348
GOPC	PLEKHA7	experimental	62	0	0	0	0	62	0	186	203
GPC1	PLEKHA7	experimental	292	0	0	0	0	292	0	0	292
GPC3	PLEKHA7	experimental	292	0	0	0	0	292	0	0	292
GPI	PLEKHA7	experimental	109	0	0	0	140	109	0	0	200
GPR143	PLEKHA7	experimental	133	0	0	0	0	133	0	73	161
GPRC5A	PLEKHA7	experimental	292	0	0	0	49	292	0	0	297
GPRC5C	PLEKHA7	experimental	292	0	0	0	107	292	0	0	340
GRAP	PLEKHA7	experimental	114	0	0	0	0	114	0	90	159
GRAP2	PLEKHA7	experimental	114	0	0	0	0	114	0	90	159
GRAPL	PLEKHA7	experimental	114	0	0	0	0	114	0	90	159
GRB2	PLEKHA7	experimental	152	0	0	0	0	152	0	90	195
GRK4	PLEKHA7	experimental	87	0	0	0	0	87	0	114	156
GSN	PLEKHA7	experimental	292	0	0	0	42	292	0	0	292
GTF2I	PLEKHA7	experimental	292	0	0	0	0	292	0	0	292
GULP1	PLEKHA7	experimental	292	0	0	0	0	292	0	0	292
H1-2	PLEKHA7	experimental	292	0	0	0	0	292	0	49	297
H1-5	PLEKHA7	experimental	292	0	0	0	0	292	0	49	297
HADHA	PLEKHA7	experimental	292	0	0	0	0	292	0	42	292
HADHB	PLEKHA7	experimental	292	0	0	0	0	292	0	0	292
HCFC1	PLEKHA7	experimental	292	0	0	0	0	292	0	0	292
HDLBP	PLEKHA7	experimental	292	0	0	0	0	292	0	0	292
HELZ	PLEKHA7	experimental	292	0	0	0	0	292	0	0	292
HIP1	PLEKHA7	experimental	336	0	0	0	0	336	0	80	362
HLA-A	PLEKHA7	experimental	292	0	0	0	0	292	0	0	292
HNRNPA0	PLEKHA7	experimental	314	0	0	0	0	314	0	0	314
HNRNPA1	PLEKHA7	experimental	314	0	0	0	0	314	0	0	314
HNRNPA2B1	PLEKHA7	experimental	314	0	0	0	0	314	0	0	314
HNRNPA3	PLEKHA7	experimental	314	0	0	0	0	314	0	0	314
HNRNPAB	PLEKHA7	experimental	314	0	0	0	0	314	0	0	314
HNRNPC	PLEKHA7	experimental	314	0	0	0	0	314	0	0	314
HNRNPD	PLEKHA7	experimental	314	0	0	0	0	314	0	0	314
HNRNPDL	PLEKHA7	experimental	314	0	0	0	0	314	0	0	314
HNRNPF	PLEKHA7	experimental	292	0	0	0	0	292	0	0	292
HNRNPH3	PLEKHA7	experimental	292	0	0	0	0	292	0	0	292
HNRNPK	PLEKHA7	experimental	292	0	0	0	0	292	0	46	295
HNRNPL	PLEKHA7	experimental	292	0	0	0	0	292	0	0	292
HNRNPM	PLEKHA7	experimental	308	0	0	0	0	308	0	0	307
HOOK1	PLEKHA7	experimental	70	0	0	0	62	70	0	104	150
HSD17B4	PLEKHA7	experimental	314	0	0	0	0	314	0	0	314
HSDL2	PLEKHA7	experimental	314	0	0	0	55	314	0	0	324
HSP90AA1	PLEKHA7	experimental	313	0	0	0	0	313	0	103	357
HSP90AB1	PLEKHA7	experimental	313	0	0	0	0	313	0	103	357
HSP90B1	PLEKHA7	experimental	313	0	0	0	0	313	0	137	382
HSPA1B	PLEKHA7	experimental	311	0	0	0	0	311	0	66	329
HSPA5	PLEKHA7	experimental	311	0	0	0	0	311	0	115	364
HSPA8	PLEKHA7	experimental	311	0	0	0	0	311	0	66	329
HSPA9	PLEKHA7	experimental	311	0	0	0	0	311	0	66	329
HSPBP1	PLEKHA7	experimental	292	0	0	0	0	292	0	43	293
HSPD1	PLEKHA7	experimental	307	0	0	0	0	307	0	64	323
HSPH1	PLEKHA7	experimental	311	0	0	0	0	311	0	66	329
IARS1	PLEKHA7	experimental	292	0	0	0	0	292	0	45	294
IDH1	PLEKHA7	experimental	292	0	0	0	0	292	0	0	292
IGF2BP1	PLEKHA7	experimental	292	0	0	0	0	292	0	92	329
IGF2BP2	PLEKHA7	experimental	292	0	0	0	0	292	0	59	305
IGF2BP3	PLEKHA7	experimental	292	0	0	0	0	292	0	0	292
IGFL2	PLEKHA7	experimental	182	0	0	0	0	182	0	0	181
IKZF5	PLEKHA7	experimental	71	0	0	0	0	71	0	147	173
ILF2	PLEKHA7	experimental	292	0	0	0	0	292	0	0	292
INPP5A	PLEKHA7	experimental	292	0	0	0	55	292	0	0	302
INSM1	PLEKHA7	experimental	100	0	0	0	0	100	0	310	352
INTS8	PLEKHA7	experimental	250	0	0	0	0	250	0	80	280
IQGAP1	PLEKHA7	experimental	292	0	0	0	0	292	0	149	371
ISG15	PLEKHA7	experimental	159	0	0	0	0	159	0	68	182
ITM2B	PLEKHA7	experimental	292	0	0	0	0	292	0	0	292
JAG1	PLEKHA7	experimental	97	0	0	0	44	97	0	97	152
JUP	PLEKHA7	experimental	292	0	0	0	62	292	0	61	321
KCTD2	PLEKHA7	experimental	133	0	0	0	0	133	0	76	164
KCTD3	PLEKHA7	experimental	319	0	0	0	53	319	0	0	327
KHDRBS1	PLEKHA7	experimental	292	0	0	0	0	292	0	0	292
KHSRP	PLEKHA7	experimental	292	0	0	0	0	292	0	0	292
KIAA1217	PLEKHA7	experimental	71	0	0	0	60	71	0	230	268
KIAA1671	PLEKHA7	experimental	47	0	0	0	147	47	0	46	156
KIF5B	PLEKHA7	experimental	292	0	0	0	65	292	0	220	438
KIFC3	PLEKHA7	experimental	186	0	0	0	0	186	0	955	961
KIN	PLEKHA7	experimental	292	0	0	0	0	292	0	0	292
KPNA1	PLEKHA7	experimental	303	0	0	0	54	303	0	69	332
KPNA3	PLEKHA7	experimental	303	0	0	0	54	303	0	69	332
KPNB1	PLEKHA7	experimental	337	0	0	0	59	337	0	81	376
KRAS	PLEKHA7	experimental	192	0	0	0	0	192	0	106	246
KSR1	PLEKHA7	experimental	101	0	0	0	0	101	0	130	184
LACTB	PLEKHA7	experimental	322	0	0	0	0	322	0	45	325
LAD1	PLEKHA7	experimental	292	0	0	0	72	292	0	44	317
LARP1	PLEKHA7	experimental	292	0	0	0	0	292	0	0	292
LASP1	PLEKHA7	experimental	292	0	0	0	0	292	0	0	292
LATS1	PLEKHA7	experimental	258	0	0	0	43	258	0	89	296
LATS2	PLEKHA7	experimental	258	0	0	0	43	258	0	89	296
LDHA	PLEKHA7	experimental	292	0	0	0	0	292	0	0	292
LGALS8	PLEKHA7	experimental	292	0	0	0	0	292	0	0	292
LIMA1	PLEKHA7	experimental	329	0	0	0	47	329	0	204	446
LIMCH1	PLEKHA7	experimental	292	0	0	0	44	292	0	54	303
LMNA	PLEKHA7	experimental	292	0	0	0	0	292	0	0	292
LMNB1	PLEKHA7	experimental	292	0	0	0	0	292	0	0	292
LMO7	PLEKHA7	experimental	292	0	0	0	42	292	0	175	391
LNX2	PLEKHA7	experimental	62	0	0	0	128	62	0	64	167
LOXL1	PLEKHA7	experimental	97	0	0	0	0	97	0	186	233
LPAR5	PLEKHA7	experimental	126	0	0	0	65	126	0	46	152
LRPAP1	PLEKHA7	experimental	292	0	0	0	0	292	0	0	292
LRPPRC	PLEKHA7	experimental	292	0	0	0	0	292	0	0	292
LRRC59	PLEKHA7	experimental	292	0	0	0	0	292	0	43	293
LSM11	PLEKHA7	experimental	292	0	0	0	0	292	0	0	292
LSM14A	PLEKHA7	experimental	292	0	0	0	45	292	0	0	294
LTBP2	PLEKHA7	experimental	97	0	0	0	0	97	0	183	230
LTBP3	PLEKHA7	experimental	97	0	0	0	49	97	0	187	240
LUZP1	PLEKHA7	experimental	292	0	0	0	0	292	0	0	292
LYN	PLEKHA7	experimental	151	0	0	0	0	151	0	43	153
LZTS1	PLEKHA7	experimental	127	0	0	0	0	127	0	132	209
LZTS2	PLEKHA7	experimental	225	0	0	0	42	225	0	53	235
MALSU1	PLEKHA7	experimental	292	0	0	0	0	292	0	0	292
MAP4	PLEKHA7	experimental	292	0	0	0	0	292	0	150	372
MAP7D2	PLEKHA7	experimental	311	0	0	0	44	311	0	49	319
MAPK1	PLEKHA7	experimental	298	0	0	0	0	298	0	90	333
MAPK14	PLEKHA7	experimental	298	0	0	0	0	298	0	71	319
MARCKS	PLEKHA7	experimental	311	0	0	0	0	311	0	85	342
MARCKSL1	PLEKHA7	experimental	292	0	0	0	0	292	0	0	292
MATR3-2	PLEKHA7	experimental	333	0	0	0	0	333	0	71	354
MCM3	PLEKHA7	experimental	292	0	0	0	0	292	0	44	294
MCM5	PLEKHA7	experimental	292	0	0	0	0	292	0	0	292
MDH2	PLEKHA7	experimental	292	0	0	0	0	292	0	0	292
MECOM	PLEKHA7	experimental	71	0	0	0	56	71	0	202	238
MED4	PLEKHA7	experimental	292	0	0	0	0	292	0	0	292
MFGE8	PLEKHA7	experimental	292	0	0	0	0	292	0	54	301
MFRP	PLEKHA7	experimental	72	0	0	0	0	72	0	316	338
MICALL1	PLEKHA7	experimental	292	0	0	0	43	292	0	0	293
MISP	PLEKHA7	experimental	292	0	0	0	63	292	0	0	308
MOCOS	PLEKHA7	experimental	292	0	0	0	42	292	0	0	292
MOV10	PLEKHA7	experimental	292	0	0	0	49	292	0	70	319
MPP5	PLEKHA7	experimental	311	0	0	0	58	311	0	174	417
MPRIP	PLEKHA7	experimental	292	0	0	0	0	292	0	110	343
MSI2	PLEKHA7	experimental	301	0	0	0	49	301	0	43	308
MTUS1	PLEKHA7	experimental	292	0	0	0	95	292	0	0	331
MTUS2	PLEKHA7	experimental	292	0	0	0	0	292	0	0	292
MVP	PLEKHA7	experimental	292	0	0	0	0	292	0	0	292
MYC	PLEKHA7	experimental	93	0	0	0	0	93	0	175	220
MYH9	PLEKHA7	experimental	314	0	0	0	0	314	0	49	319
MYL12B	PLEKHA7	experimental	318	0	0	0	0	318	0	0	317
MYL6	PLEKHA7	experimental	318	0	0	0	0	318	0	132	382
MYO18A	PLEKHA7	experimental	314	0	0	0	0	314	0	181	414
MYO1B	PLEKHA7	experimental	292	0	0	0	49	292	0	43	299
MYO1D	PLEKHA7	experimental	292	0	0	0	56	292	0	43	304
MYO6	PLEKHA7	experimental	292	0	0	0	101	292	0	0	336
MYOF	PLEKHA7	experimental	292	0	0	0	45	292	0	0	294
NAALADL2	PLEKHA7	experimental	95	0	0	0	0	95	0	221	265
NACA	PLEKHA7	experimental	314	0	0	0	0	314	0	0	314
NADK	PLEKHA7	experimental	219	0	0	0	0	100	119	0	173
NAGK	PLEKHA7	experimental	292	0	0	0	0	292	0	0	292
NAP1L1	PLEKHA7	experimental	308	0	0	0	0	308	0	0	308
NAPA	PLEKHA7	experimental	292	0	0	0	0	292	0	85	324
NAPG	PLEKHA7	experimental	292	0	0	0	0	292	0	0	292
NCBP1	PLEKHA7	experimental	292	0	0	0	0	292	0	0	292
NCL	PLEKHA7	experimental	292	0	0	0	51	292	0	0	299
NDE1	PLEKHA7	experimental	292	0	0	0	0	292	0	73	315
NDFIP1	PLEKHA7	experimental	249	0	0	0	0	249	0	115	306
NDFIP2	PLEKHA7	experimental	249	0	0	0	55	249	0	115	317
NDUFS2	PLEKHA7	experimental	292	0	0	0	0	292	0	47	296
NECAP1	PLEKHA7	experimental	292	0	0	0	0	292	0	52	300
NECTIN1	PLEKHA7	experimental	52	0	0	0	49	52	0	302	315
NECTIN3	PLEKHA7	experimental	52	0	0	0	0	52	0	526	531
NEDD8	PLEKHA7	experimental	159	0	0	0	0	159	0	81	194
NF1	PLEKHA7	experimental	100	0	0	0	55	100	0	84	152
NPIPB15	PLEKHA7	experimental	82	0	0	0	0	82	0	114	151
NPM1	PLEKHA7	experimental	292	0	0	0	0	292	0	0	292
NSF	PLEKHA7	experimental	316	0	0	0	0	316	0	68	335
NUDC	PLEKHA7	experimental	292	0	0	0	0	292	0	0	292
NUFIP2	PLEKHA7	experimental	292	0	0	0	0	292	0	56	303
NUMB	PLEKHA7	experimental	292	0	0	0	0	292	0	195	405
NWD1	PLEKHA7	experimental	292	0	0	0	53	292	0	98	342
OAS1	PLEKHA7	experimental	292	0	0	0	0	292	0	0	292
OASL	PLEKHA7	experimental	159	0	0	0	0	159	0	68	182
OAT	PLEKHA7	experimental	292	0	0	0	0	292	0	0	292
OCLN	PLEKHA7	experimental	333	0	0	0	76	333	0	167	441
OCRL	PLEKHA7	experimental	292	0	0	0	0	292	0	0	292
OGT	PLEKHA7	experimental	292	0	0	0	0	292	0	0	292
OLA1	PLEKHA7	experimental	292	0	0	0	55	292	0	0	302
OSBPL8	PLEKHA7	experimental	292	0	0	0	60	292	0	0	306
P4HB	PLEKHA7	experimental	305	0	0	0	0	305	0	0	305
PA2G4	PLEKHA7	experimental	292	0	0	0	0	292	0	0	292
PABPC1	PLEKHA7	experimental	292	0	0	0	51	292	0	91	335
PACSIN2	PLEKHA7	experimental	311	0	0	0	0	311	0	42	311
PAICS	PLEKHA7	experimental	292	0	0	0	0	292	0	0	292
PALM	PLEKHA7	experimental	292	0	0	0	0	292	0	0	292
PALM2AKAP2	PLEKHA7	experimental	292	0	0	0	0	292	0	0	292
PALM3	PLEKHA7	experimental	311	0	0	0	0	311	0	49	316
PARD3	PLEKHA7	experimental	236	0	0	0	49	236	0	174	347
PATJ	PLEKHA7	experimental	62	0	0	0	67	62	0	230	267
PATL1	PLEKHA7	experimental	292	0	0	0	0	292	0	0	292
PAWR	PLEKHA7	experimental	292	0	0	0	49	292	0	0	297
PBXIP1	PLEKHA7	experimental	292	0	0	0	0	292	0	0	292
PCBD1	PLEKHA7	experimental	167	0	0	0	49	167	0	46	178
PCBP1	PLEKHA7	experimental	292	0	0	0	0	292	0	0	292
PCBP2	PLEKHA7	experimental	292	0	0	0	0	292	0	0	292
PCNA	PLEKHA7	experimental	292	0	0	0	55	292	0	0	302
PCYT1A	PLEKHA7	experimental	297	0	0	0	0	297	0	0	297
PDCD6IP	PLEKHA7	experimental	114	0	0	0	0	114	0	81	150
PDHA1	PLEKHA7	experimental	292	0	0	0	71	292	0	0	314
PDLIM1	PLEKHA7	experimental	292	0	0	0	49	292	0	0	297
PDLIM2	PLEKHA7	experimental	292	0	0	0	0	292	0	0	292
PDZD11	PLEKHA7	experimental	782	0	0	0	0	62	720	767	933
PGD	PLEKHA7	experimental	292	0	0	0	0	292	0	52	300
PGK1	PLEKHA7	experimental	292	0	0	0	0	292	0	82	322
PHB2	PLEKHA7	experimental	292	0	0	0	0	292	0	0	292
PHGDH	PLEKHA7	experimental	292	0	0	0	0	292	0	0	292
PIBF1	PLEKHA7	experimental	165	0	0	0	42	165	0	52	175
PICALM	PLEKHA7	experimental	292	0	0	0	0	292	0	60	305
PIK3C2A	PLEKHA7	experimental	292	0	0	0	49	292	0	153	379
PLBD1	PLEKHA7	experimental	292	0	0	0	42	292	0	0	292
PLEKHA4	PLEKHA7	experimental	292	0	0	0	0	292	0	114	345
PLEKHA7	AAGAB	experimental	296	0	0	0	0	296	0	0	295
PLEKHA7	AAK1	experimental	292	0	0	0	0	292	0	63	308
PLEKHA7	AASDHPPT	experimental	292	0	0	0	0	292	0	0	292
PLEKHA7	ABHD14A-ACY1	experimental	98	0	0	0	0	98	0	103	156
PLEKHA7	ABLIM1	experimental	292	0	0	0	47	292	0	0	296
PLEKHA7	ACAA1	experimental	292	0	0	0	0	292	0	0	292
PLEKHA7	ACAT1	experimental	292	0	0	0	0	292	0	0	292
PLEKHA7	ACLY	experimental	292	0	0	0	0	292	0	0	292
PLEKHA7	ACTB	experimental	88	0	0	0	0	88	0	124	166
PLEKHA7	ACTC1	experimental	327	0	0	0	0	327	0	63	342
PLEKHA7	ACTG1	experimental	327	0	0	0	0	327	0	63	342
PLEKHA7	ACTL8	experimental	327	0	0	0	0	327	0	63	342
PLEKHA7	ACTN1	experimental	292	0	0	0	0	292	0	111	343
PLEKHA7	ACTN4	experimental	292	0	0	0	0	292	0	44	294
PLEKHA7	ACTR1A	experimental	327	0	0	0	0	327	0	63	342
PLEKHA7	ACTR2	experimental	329	0	0	0	0	329	0	65	345
PLEKHA7	ACTR3	experimental	327	0	0	0	54	327	0	63	351
PLEKHA7	ACY1	experimental	98	0	0	0	0	98	0	103	156
PLEKHA7	ADA	experimental	310	0	0	0	0	310	0	0	310
PLEKHA7	ADAM10	database	720	0	0	0	0	0	720	277	788
PLEKHA7	ADD1	experimental	322	0	0	0	0	322	0	126	381
PLEKHA7	ADD3	experimental	322	0	0	0	0	322	0	67	339
PLEKHA7	ADRM1	experimental	292	0	0	0	0	292	0	71	314
PLEKHA7	AFDN	experimental	845	0	0	0	58	125	720	651	908
PLEKHA7	AGO2	experimental	292	0	0	0	0	292	0	119	349
PLEKHA7	AHCY	experimental	292	0	0	0	0	292	0	71	314
PLEKHA7	AHNAK	experimental	333	0	0	0	0	333	0	49	338
PLEKHA7	AHSA1	experimental	292	0	0	0	0	292	0	0	292
PLEKHA7	AIMP1	experimental	302	0	0	0	0	302	0	0	301
PLEKHA7	AIMP2	experimental	292	0	0	0	0	292	0	78	319
PLEKHA7	ALDOA	experimental	292	0	0	0	0	292	0	0	292
PLEKHA7	ALK	experimental	71	0	0	0	0	71	0	215	239
PLEKHA7	ALPG	experimental	292	0	0	0	0	292	0	78	319
PLEKHA7	ALPI	experimental	292	0	0	0	0	292	0	51	299
PLEKHA7	AMPH	experimental	148	0	0	0	55	148	0	44	163
PLEKHA7	ANXA2	experimental	329	0	0	0	0	329	0	64	345
PLEKHA7	ANXA7	experimental	329	0	0	0	0	329	0	64	345
PLEKHA7	AP1B1	experimental	292	0	0	0	0	292	0	0	292
PLEKHA7	AP1G1	experimental	292	0	0	0	54	292	0	49	307
PLEKHA7	AP1M1	experimental	301	0	0	0	0	301	0	45	303
PLEKHA7	AP1M2	experimental	301	0	0	0	63	301	0	121	373
PLEKHA7	AP2A1	experimental	292	0	0	0	0	292	0	65	309
PLEKHA7	AP2A2	experimental	292	0	0	0	0	292	0	52	300
PLEKHA7	AP2B1	experimental	292	0	0	0	0	292	0	0	292
PLEKHA7	AP2M1	experimental	292	0	0	0	55	292	0	0	302
PLEKHA7	APOBEC3F	experimental	292	0	0	0	0	292	0	0	292
PLEKHA7	APOE	experimental	292	0	0	0	0	292	0	0	292
PLEKHA7	ARFGAP1	experimental	292	0	0	0	0	292	0	0	292
PLEKHA7	ARFGEF2	experimental	109	0	0	0	58	109	0	179	251
PLEKHA7	ARPC1A	experimental	292	0	0	0	0	292	0	0	292
PLEKHA7	ARPC1B	experimental	292	0	0	0	0	292	0	0	292
PLEKHA7	ARPC2	experimental	292	0	0	0	0	292	0	0	292
PLEKHA7	ARRDC1	experimental	269	0	0	0	0	269	0	113	323
PLEKHA7	ARRDC2	experimental	269	0	0	0	0	269	0	113	323
PLEKHA7	ARRDC3	experimental	269	0	0	0	0	269	0	113	323
PLEKHA7	ARRDC4	experimental	269	0	0	0	47	269	0	113	328
PLEKHA7	ARRDC5	experimental	269	0	0	0	0	269	0	113	323
PLEKHA7	ASH2L	experimental	292	0	0	0	0	292	0	53	300
PLEKHA7	ASIC1	experimental	100	0	0	0	0	100	0	137	190
PLEKHA7	ASIC2	experimental	100	0	0	0	0	100	0	168	218
PLEKHA7	ASIC3	experimental	100	0	0	0	0	100	0	116	170
PLEKHA7	ASIC4	experimental	100	0	0	0	0	100	0	112	166
PLEKHA7	ASIC5	experimental	100	0	0	0	0	100	0	137	190
PLEKHA7	ATP13A4	experimental	46	0	0	0	47	46	0	176	185
PLEKHA7	ATP1A1	experimental	296	0	0	0	0	296	0	0	295
PLEKHA7	ATP1B3	experimental	292	0	0	0	0	292	0	0	292
PLEKHA7	ATP2B1	experimental	46	0	0	0	0	46	0	475	477
PLEKHA7	ATP6AP1	experimental	292	0	0	0	0	292	0	0	292
PLEKHA7	ATP6V0A1	experimental	292	0	0	0	0	292	0	80	320
PLEKHA7	ATP6V0D1	experimental	292	0	0	0	0	292	0	0	292
PLEKHA7	ATP6V1A	experimental	292	0	0	0	0	292	0	0	292
PLEKHA7	ATP6V1C1	experimental	292	0	0	0	0	292	0	0	292
PLEKHA7	ATXN2L	experimental	292	0	0	0	55	292	0	0	302
PLEKHA7	AURKA	experimental	292	0	0	0	0	292	0	0	292
PLEKHA7	B9D2	experimental	131	0	0	0	0	131	0	67	154
PLEKHA7	BAG5	experimental	292	0	0	0	0	292	0	0	292
PLEKHA7	BAK1	database	720	0	0	0	0	0	720	0	720
PLEKHA7	BASP1	experimental	292	0	0	0	0	292	0	0	292
PLEKHA7	BAX	database	720	0	0	0	0	0	720	0	720
PLEKHA7	BCAR1	experimental	88	0	0	0	0	88	0	196	235
PLEKHA7	BCL2	database	720	0	0	0	0	0	720	0	720
PLEKHA7	BIN1	experimental	371	0	0	0	55	371	0	44	382
PLEKHA7	BIN2	experimental	148	0	0	0	55	148	0	44	163
PLEKHA7	BIN3	experimental	148	0	0	0	55	148	0	44	163
PLEKHA7	BIRC6	experimental	255	0	0	0	49	255	0	187	373
PLEKHA7	BMP2K	experimental	292	0	0	0	0	292	0	63	308
PLEKHA7	BOD1L1	experimental	292	0	0	0	0	292	0	0	292
PLEKHA7	BROX	experimental	114	0	0	0	0	114	0	81	150
PLEKHA7	BST2	experimental	292	0	0	0	0	292	0	0	292
PLEKHA7	BUB3	experimental	292	0	0	0	0	292	0	65	309
PLEKHA7	BZW1	experimental	292	0	0	0	0	292	0	0	292
PLEKHA7	C10orf88	experimental	292	0	0	0	0	292	0	0	292
PLEKHA7	C1QBP	experimental	292	0	0	0	0	292	0	0	292
PLEKHA7	C1orf198	experimental	292	0	0	0	44	292	0	0	294
PLEKHA7	C1orf35	experimental	292	0	0	0	0	292	0	0	292
PLEKHA7	C5	experimental	795	0	0	0	0	75	720	0	729
PLEKHA7	C6	database	720	0	0	0	0	0	720	0	720
PLEKHA7	C7	database	720	0	0	0	42	0	720	0	720
PLEKHA7	C8A	database	720	0	0	0	0	0	720	0	720
PLEKHA7	C8B	database	720	0	0	0	0	0	720	0	720
PLEKHA7	C8G	database	540	0	0	0	0	0	540	0	540
PLEKHA7	C9	database	720	0	0	0	0	0	720	0	720
PLEKHA7	CABCOCO1	experimental	63	0	0	0	0	63	0	529	539
PLEKHA7	CAD	experimental	133	0	0	0	0	133	0	73	161
PLEKHA7	CADM1	experimental	295	0	0	0	0	295	0	56	305
PLEKHA7	CALCOCO1	experimental	313	0	0	0	0	313	0	52	321
PLEKHA7	CALCOCO2	experimental	313	0	0	0	0	313	0	52	321
PLEKHA7	CALD1	experimental	311	0	0	0	0	311	0	49	316
PLEKHA7	CALR	experimental	292	0	0	0	0	292	0	0	292
PLEKHA7	CAMSAP2	experimental	100	0	0	0	61	100	0	220	283
PLEKHA7	CAMSAP3	experimental	292	0	0	0	116	292	0	991	993
PLEKHA7	CAPRIN1	experimental	292	0	0	0	0	292	0	0	292
PLEKHA7	CAPZA1	experimental	310	0	0	0	0	310	0	0	309
PLEKHA7	CAPZA2	experimental	310	0	0	0	0	310	0	0	309
PLEKHA7	CASK	experimental	311	0	0	0	60	311	0	0	324
PLEKHA7	CCAR2	experimental	292	0	0	0	0	292	0	0	292
PLEKHA7	CCDC17	experimental	126	0	0	0	66	126	0	46	153
PLEKHA7	CCNY	experimental	292	0	0	0	0	292	0	0	292
PLEKHA7	CCT3	experimental	305	0	0	0	0	305	0	64	321
PLEKHA7	CCT5	experimental	305	0	0	0	0	305	0	64	321
PLEKHA7	CCT6A	experimental	305	0	0	0	0	305	0	64	321
PLEKHA7	CCT8	experimental	292	0	0	0	0	292	0	0	292
PLEKHA7	CD2AP	experimental	313	0	0	0	0	313	0	0	312
PLEKHA7	CD34	database	720	0	0	0	50	0	720	0	722
PLEKHA7	CD55	experimental	292	0	0	0	0	292	0	0	292
PLEKHA7	CDC34	experimental	133	0	0	0	0	133	0	76	164
PLEKHA7	CDC42	experimental	133	0	0	0	0	133	0	189	267
PLEKHA7	CDCA3	experimental	292	0	0	0	0	292	0	0	292
PLEKHA7	CDH1	experimental	598	0	0	0	67	598	0	567	823
PLEKHA7	CDK15	experimental	67	0	0	0	0	67	0	138	161
PLEKHA7	CEBPA	experimental	292	0	0	0	0	292	0	0	292
PLEKHA7	CEP83	experimental	82	0	0	0	0	82	0	142	178
PLEKHA7	CFL1	experimental	308	0	0	0	0	308	0	60	321
PLEKHA7	CGN	experimental	337	0	0	0	264	337	0	783	884
PLEKHA7	CHMP4B	experimental	292	0	0	0	0	292	0	85	324
PLEKHA7	CHORDC1	experimental	292	0	0	0	0	292	0	0	292
PLEKHA7	CIAO1	experimental	292	0	0	0	0	292	0	0	292
PLEKHA7	CIAPIN1	experimental	292	0	0	0	0	292	0	0	292
PLEKHA7	CKAP4	experimental	292	0	0	0	0	292	0	0	292
PLEKHA7	CKB	experimental	292	0	0	0	43	292	0	0	293
PLEKHA7	CLASP2	experimental	57	0	0	0	0	57	0	181	194
PLEKHA7	CLDND1	experimental	292	0	0	0	0	292	0	0	292
PLEKHA7	CLHC1	experimental	71	0	0	0	116	71	0	90	187
PLEKHA7	CLINT1	experimental	292	0	0	0	45	292	0	66	313
PLEKHA7	CLNS1A	experimental	292	0	0	0	0	292	0	0	292
PLEKHA7	CLTA	experimental	292	0	0	0	0	292	0	82	322
PLEKHA7	CLTB	experimental	292	0	0	0	0	292	0	82	322
PLEKHA7	CLTC	experimental	314	0	0	0	109	314	0	111	409
PLEKHA7	CLTCL1	experimental	71	0	0	0	109	71	0	90	180
PLEKHA7	CLU	experimental	292	0	0	0	0	292	0	0	292
PLEKHA7	CMAS	experimental	292	0	0	0	0	292	0	0	292
PLEKHA7	CMYA5	experimental	71	0	0	0	44	71	0	202	228
PLEKHA7	CNFN	experimental	133	0	0	0	42	133	0	76	165
PLEKHA7	CNN2	experimental	292	0	0	0	0	292	0	0	292
PLEKHA7	CNN3	experimental	292	0	0	0	49	292	0	0	297
PLEKHA7	CNP	experimental	292	0	0	0	0	292	0	0	292
PLEKHA7	CNTN4	experimental	292	0	0	0	0	292	0	0	292
PLEKHA7	COBL	experimental	295	0	0	0	62	295	0	56	321
PLEKHA7	COBLL1	experimental	334	0	0	0	54	334	0	55	352
PLEKHA7	COPG1	experimental	314	0	0	0	57	314	0	0	325
PLEKHA7	COPS3	experimental	292	0	0	0	0	292	0	0	292
PLEKHA7	COPS4	experimental	292	0	0	0	0	292	0	0	292
PLEKHA7	CORO1B	experimental	292	0	0	0	53	292	0	72	323
PLEKHA7	CORO1C	experimental	292	0	0	0	53	292	0	72	323
PLEKHA7	CPNE1	experimental	292	0	0	0	0	292	0	0	292
PLEKHA7	CPS1	experimental	133	0	0	0	0	133	0	73	161
PLEKHA7	CPSF3	experimental	292	0	0	0	0	292	0	0	292
PLEKHA7	CRACD	experimental	322	0	0	0	0	322	0	45	325
PLEKHA7	CRKL	experimental	292	0	0	0	0	292	0	0	292
PLEKHA7	CSNK1A1	experimental	292	0	0	0	56	292	0	59	316
PLEKHA7	CSNK1D	experimental	292	0	0	0	0	292	0	45	294
PLEKHA7	CSNK1G3	experimental	292	0	0	0	52	292	0	77	326
PLEKHA7	CSNK2A1	experimental	314	0	0	0	0	314	0	81	342
PLEKHA7	CTNNA1	experimental	606	0	0	0	48	606	0	577	827
PLEKHA7	CTNNB1	experimental	609	0	0	0	0	609	0	261	698
PLEKHA7	CTNND1	experimental	510	0	0	0	63	510	0	946	973
PLEKHA7	CTTN	experimental	322	0	0	0	0	322	0	77	347
PLEKHA7	CUL1	experimental	69	0	0	0	0	69	0	128	153
PLEKHA7	CXADR	experimental	297	0	0	0	42	297	0	0	297
PLEKHA7	CXXC1	experimental	294	0	0	0	0	294	0	0	294
PLEKHA7	CYP17A1	experimental	52	0	0	0	0	52	0	355	362
PLEKHA7	DAB2	experimental	292	0	0	0	0	292	0	0	292
PLEKHA7	DAG1	experimental	91	0	0	0	74	91	0	76	154
PLEKHA7	DBN1	experimental	292	0	0	0	47	292	0	127	359
PLEKHA7	DCAF7	experimental	292	0	0	0	0	292	0	42	292
PLEKHA7	DCD	database	540	0	0	0	0	0	540	0	540
PLEKHA7	DCP1A	experimental	292	0	0	0	0	292	0	0	292
PLEKHA7	DCP1B	experimental	292	0	0	0	0	292	0	0	292
PLEKHA7	DCUN1D3	experimental	292	0	0	0	44	292	0	0	294
PLEKHA7	DDX1	experimental	327	0	0	0	0	327	0	47	330
PLEKHA7	DDX17	experimental	327	0	0	0	0	327	0	47	330
PLEKHA7	DDX20	experimental	327	0	0	0	42	327	0	47	331
PLEKHA7	DDX21	experimental	327	0	0	0	0	327	0	47	330
PLEKHA7	DDX3X	experimental	327	0	0	0	0	327	0	47	330
PLEKHA7	DDX41	experimental	292	0	0	0	0	292	0	0	292
PLEKHA7	DDX42	experimental	327	0	0	0	0	327	0	47	330
PLEKHA7	DDX5	experimental	327	0	0	0	0	327	0	47	330
PLEKHA7	DDX6	experimental	327	0	0	0	60	327	0	69	359
PLEKHA7	DENND1A	experimental	329	0	0	0	0	329	0	72	350
PLEKHA7	DGCR8	experimental	46	0	0	0	0	46	0	365	368
PLEKHA7	DHCR7	experimental	292	0	0	0	47	292	0	0	296
PLEKHA7	DHPS	experimental	292	0	0	0	0	292	0	0	292
PLEKHA7	DHX15	experimental	292	0	0	0	0	292	0	74	316
PLEKHA7	DICER1	experimental	295	0	0	0	56	295	0	60	319
PLEKHA7	DLG1	experimental	311	0	0	0	0	311	0	0	311
PLEKHA7	DLG5	experimental	67	0	0	0	47	67	0	123	152
PLEKHA7	DLST	experimental	292	0	0	0	0	292	0	0	292
PLEKHA7	DNAH14	experimental	50	0	0	0	0	50	0	150	157
PLEKHA7	DNAH3	experimental	50	0	0	0	0	50	0	201	208
PLEKHA7	DNAH6	experimental	50	0	0	0	0	50	0	160	167
PLEKHA7	DNAJA1	experimental	301	0	0	0	0	301	0	52	308
PLEKHA7	DNAJA2	experimental	301	0	0	0	0	301	0	52	308
PLEKHA7	DNAJA3	experimental	301	0	0	0	0	301	0	0	300
PLEKHA7	DNAJB1	experimental	301	0	0	0	0	301	0	0	300
PLEKHA7	DNAJB11	experimental	301	0	0	0	0	301	0	0	300
PLEKHA7	DNAJB12	experimental	301	0	0	0	0	301	0	0	300
PLEKHA7	DNAJB2	experimental	301	0	0	0	0	301	0	0	300
PLEKHA7	DNMBP	experimental	355	0	0	0	49	355	0	48	365
PLEKHA7	DPP4	experimental	292	0	0	0	51	292	0	71	321
PLEKHA7	DRG1	experimental	292	0	0	0	0	292	0	0	292
PLEKHA7	DROSHA	experimental	45	0	0	0	0	45	0	364	366
PLEKHA7	DSG2	experimental	292	0	0	0	67	292	0	57	322
PLEKHA7	DSP	experimental	292	0	0	0	72	292	0	165	403
PLEKHA7	EBF1	experimental	138	0	0	0	0	138	0	226	304
PLEKHA7	EBF2	experimental	138	0	0	0	0	138	0	100	191
PLEKHA7	EBF3	experimental	138	0	0	0	42	138	0	100	191
PLEKHA7	EBF4	experimental	138	0	0	0	0	138	0	100	191
PLEKHA7	EDC3	experimental	292	0	0	0	0	292	0	0	292
PLEKHA7	EDC4	experimental	292	0	0	0	0	292	0	0	292
PLEKHA7	EEF1A1	experimental	331	0	0	0	0	331	0	101	372
PLEKHA7	EEF1A2	experimental	94	0	0	0	0	94	0	101	150
PLEKHA7	EEF1D	experimental	292	0	0	0	0	292	0	0	292
PLEKHA7	EEF1G	experimental	292	0	0	0	0	292	0	44	294
PLEKHA7	EEF2	experimental	311	0	0	0	0	311	0	69	331
PLEKHA7	EGFR	experimental	100	0	0	0	49	100	0	174	231
PLEKHA7	EHD1	experimental	315	0	0	0	0	315	0	0	314
PLEKHA7	EIF2S1	experimental	292	0	0	0	0	292	0	0	292
PLEKHA7	EIF3A	experimental	292	0	0	0	0	292	0	0	292
PLEKHA7	EIF3B	experimental	292	0	0	0	0	292	0	51	299
PLEKHA7	EIF3D	experimental	292	0	0	0	0	292	0	69	312
PLEKHA7	EIF3G	experimental	292	0	0	0	0	292	0	0	292
PLEKHA7	EIF3H	experimental	292	0	0	0	0	292	0	0	292
PLEKHA7	EIF3I	experimental	292	0	0	0	0	292	0	0	292
PLEKHA7	EIF3J	experimental	292	0	0	0	0	292	0	0	292
PLEKHA7	EIF3M	experimental	292	0	0	0	0	292	0	0	292
PLEKHA7	EIF4A1	experimental	327	0	0	0	47	327	0	47	335
PLEKHA7	EIF4A3	experimental	327	0	0	0	0	327	0	47	330
PLEKHA7	EIF4B	experimental	314	0	0	0	0	314	0	0	314
PLEKHA7	EIF4ENIF1	experimental	310	0	0	0	49	310	0	0	316
PLEKHA7	ELAVL1	experimental	292	0	0	0	0	292	0	90	328
PLEKHA7	EMD	experimental	292	0	0	0	0	292	0	48	297
PLEKHA7	EML4	experimental	292	0	0	0	0	292	0	275	464
PLEKHA7	EMP2	experimental	292	0	0	0	44	292	0	0	294
PLEKHA7	ENSP00000493701	experimental	159	0	0	0	0	159	0	68	182
PLEKHA7	EPB41L1	experimental	292	0	0	0	70	292	0	0	313
PLEKHA7	EPB41L2	experimental	292	0	0	0	62	292	0	0	307
PLEKHA7	EPB41L5	experimental	292	0	0	0	60	292	0	44	308
PLEKHA7	EPCAM	experimental	292	0	0	0	68	292	0	0	311
PLEKHA7	EPN1	experimental	313	0	0	0	0	313	0	53	322
PLEKHA7	EPN3	experimental	313	0	0	0	62	313	0	53	336
PLEKHA7	EPRS1	experimental	292	0	0	0	0	292	0	0	292
PLEKHA7	EPS15	experimental	317	0	0	0	0	317	0	52	324
PLEKHA7	EPS15L1	experimental	317	0	0	0	0	317	0	52	324
PLEKHA7	EPS8L2	experimental	329	0	0	0	60	329	0	0	342
PLEKHA7	EPSTI1	experimental	292	0	0	0	0	292	0	0	292
PLEKHA7	ERAL1	experimental	292	0	0	0	0	292	0	0	292
PLEKHA7	ERLIN1	experimental	292	0	0	0	0	292	0	0	292
PLEKHA7	ERLIN2	experimental	292	0	0	0	49	292	0	0	297
PLEKHA7	ERP44	experimental	305	0	0	0	0	305	0	0	305
PLEKHA7	ESYT2	experimental	54	0	0	0	0	54	0	233	243
PLEKHA7	EXOSC7	experimental	292	0	0	0	0	292	0	0	292
PLEKHA7	EXOSC8	experimental	292	0	0	0	0	292	0	0	292
PLEKHA7	EZR	experimental	331	0	0	0	44	331	0	46	336
PLEKHA7	F11R	experimental	52	0	0	0	62	52	0	129	157
PLEKHA7	FAM126A	experimental	292	0	0	0	0	292	0	0	292
PLEKHA7	FAM221A	experimental	292	0	0	0	76	292	0	0	317
PLEKHA7	FARP1	experimental	292	0	0	0	49	292	0	0	297
PLEKHA7	FASN	experimental	292	0	0	0	42	292	0	52	300
PLEKHA7	FAU	experimental	159	0	0	0	0	159	0	68	182
PLEKHA7	FBXO22	experimental	292	0	0	0	0	292	0	0	292
PLEKHA7	FBXW7	experimental	292	0	0	0	0	292	0	46	295
PLEKHA7	FCHO2	experimental	292	0	0	0	43	292	0	0	293
PLEKHA7	FDFT1	experimental	292	0	0	0	0	292	0	55	302
PLEKHA7	FGFR3	experimental	46	0	0	0	63	46	0	203	225
PLEKHA7	FGL1	experimental	384	0	0	0	0	384	0	0	384
PLEKHA7	FH	experimental	292	0	0	0	0	292	0	0	292
PLEKHA7	FILIP1	experimental	70	0	0	0	0	70	0	135	161
PLEKHA7	FLII	experimental	292	0	0	0	0	292	0	43	293
PLEKHA7	FLNA	experimental	292	0	0	0	0	292	0	119	349
PLEKHA7	FLOT1	experimental	329	0	0	0	0	329	0	0	329
PLEKHA7	FLOT2	experimental	292	0	0	0	0	292	0	0	292
PLEKHA7	FMNL2	experimental	329	0	0	0	0	329	0	114	380
PLEKHA7	FMR1	experimental	292	0	0	0	0	292	0	62	307
PLEKHA7	FN3K	experimental	292	0	0	0	49	292	0	0	297
PLEKHA7	FNDC3B	experimental	45	0	0	0	0	45	0	151	155
PLEKHA7	FOLR1	experimental	292	0	0	0	42	292	0	0	292
PLEKHA7	FRMD6	experimental	138	0	0	0	47	138	0	91	188
PLEKHA7	FUS	experimental	292	0	0	0	0	292	0	0	292
PLEKHA7	FXR1	experimental	292	0	0	0	0	292	0	52	300
PLEKHA7	G3BP1	experimental	314	0	0	0	0	314	0	101	357
PLEKHA7	G3BP2	experimental	314	0	0	0	0	314	0	80	342
PLEKHA7	GAK	experimental	314	0	0	0	53	314	0	113	373
PLEKHA7	GANAB	experimental	292	0	0	0	44	292	0	0	294
PLEKHA7	GAPDH	experimental	292	0	0	0	0	292	0	109	342
PLEKHA7	GDI2	experimental	292	0	0	0	60	292	0	0	306
PLEKHA7	GEMIN2	experimental	292	0	0	0	0	292	0	0	292
PLEKHA7	GEMIN4	experimental	292	0	0	0	0	292	0	0	292
PLEKHA7	GEMIN5	experimental	292	0	0	0	0	292	0	0	292
PLEKHA7	GEMIN8	experimental	292	0	0	0	42	292	0	0	292
PLEKHA7	GGH	experimental	292	0	0	0	0	292	0	0	292
PLEKHA7	GIPC1	experimental	292	0	0	0	49	292	0	0	297
PLEKHA7	GJA1	experimental	389	0	0	0	0	389	0	0	389
PLEKHA7	GLDC	experimental	292	0	0	0	42	292	0	0	292
PLEKHA7	GLG1	experimental	292	0	0	0	0	292	0	44	294
PLEKHA7	GLI3	experimental	71	0	0	256	0	71	0	0	279
PLEKHA7	GLIS3	experimental	71	0	0	0	43	71	0	396	416
PLEKHA7	GLRX3	experimental	292	0	0	0	0	292	0	0	292
PLEKHA7	GNA11	experimental	292	0	0	0	63	292	0	0	308
PLEKHA7	GNA13	experimental	292	0	0	0	0	292	0	0	292
PLEKHA7	GNAI2	experimental	292	0	0	0	0	292	0	0	292
PLEKHA7	GNAI3	experimental	292	0	0	0	0	292	0	0	292
PLEKHA7	GNAQ	experimental	292	0	0	0	55	292	0	0	302
PLEKHA7	GNAS	experimental	292	0	0	0	0	292	0	69	312
PLEKHA7	GNB1	experimental	314	0	0	0	52	314	0	90	356
PLEKHA7	GNB2	experimental	314	0	0	0	52	314	0	90	356
PLEKHA7	GNB3	experimental	71	0	0	0	52	71	0	165	200
PLEKHA7	GNPDA1	experimental	292	0	0	0	0	292	0	118	348
PLEKHA7	GOPC	experimental	62	0	0	0	0	62	0	186	203
PLEKHA7	GPC1	experimental	292	0	0	0	0	292	0	0	292
PLEKHA7	GPC3	experimental	292	0	0	0	0	292	0	0	292
PLEKHA7	GPI	experimental	109	0	0	0	140	109	0	0	200
PLEKHA7	GPR143	experimental	133	0	0	0	0	133	0	73	161
PLEKHA7	GPRC5A	experimental	292	0	0	0	49	292	0	0	297
PLEKHA7	GPRC5C	experimental	292	0	0	0	107	292	0	0	340
PLEKHA7	GRAP	experimental	114	0	0	0	0	114	0	90	159
PLEKHA7	GRAP2	experimental	114	0	0	0	0	114	0	90	159
PLEKHA7	GRAPL	experimental	114	0	0	0	0	114	0	90	159
PLEKHA7	GRB2	experimental	152	0	0	0	0	152	0	90	195
PLEKHA7	GRK4	experimental	87	0	0	0	0	87	0	114	156
PLEKHA7	GSN	experimental	292	0	0	0	42	292	0	0	292
PLEKHA7	GTF2I	experimental	292	0	0	0	0	292	0	0	292
PLEKHA7	GULP1	experimental	292	0	0	0	0	292	0	0	292
PLEKHA7	H1-2	experimental	292	0	0	0	0	292	0	49	297
PLEKHA7	H1-5	experimental	292	0	0	0	0	292	0	49	297
PLEKHA7	HADHA	experimental	292	0	0	0	0	292	0	42	292
PLEKHA7	HADHB	experimental	292	0	0	0	0	292	0	0	292
PLEKHA7	HCFC1	experimental	292	0	0	0	0	292	0	0	292
PLEKHA7	HDLBP	experimental	292	0	0	0	0	292	0	0	292
PLEKHA7	HELZ	experimental	292	0	0	0	0	292	0	0	292
PLEKHA7	HIP1	experimental	336	0	0	0	0	336	0	80	362
PLEKHA7	HLA-A	experimental	292	0	0	0	0	292	0	0	292
PLEKHA7	HNRNPA0	experimental	314	0	0	0	0	314	0	0	314
PLEKHA7	HNRNPA1	experimental	314	0	0	0	0	314	0	0	314
PLEKHA7	HNRNPA2B1	experimental	314	0	0	0	0	314	0	0	314
PLEKHA7	HNRNPA3	experimental	314	0	0	0	0	314	0	0	314
PLEKHA7	HNRNPAB	experimental	314	0	0	0	0	314	0	0	314
PLEKHA7	HNRNPC	experimental	314	0	0	0	0	314	0	0	314
PLEKHA7	HNRNPD	experimental	314	0	0	0	0	314	0	0	314
PLEKHA7	HNRNPDL	experimental	314	0	0	0	0	314	0	0	314
PLEKHA7	HNRNPF	experimental	292	0	0	0	0	292	0	0	292
PLEKHA7	HNRNPH3	experimental	292	0	0	0	0	292	0	0	292
PLEKHA7	HNRNPK	experimental	292	0	0	0	0	292	0	46	295
PLEKHA7	HNRNPL	experimental	292	0	0	0	0	292	0	0	292
PLEKHA7	HNRNPM	experimental	308	0	0	0	0	308	0	0	307
PLEKHA7	HOOK1	experimental	70	0	0	0	62	70	0	104	150
PLEKHA7	HSD17B4	experimental	314	0	0	0	0	314	0	0	314
PLEKHA7	HSDL2	experimental	314	0	0	0	55	314	0	0	324
PLEKHA7	HSP90AA1	experimental	313	0	0	0	0	313	0	103	357
PLEKHA7	HSP90AB1	experimental	313	0	0	0	0	313	0	103	357
PLEKHA7	HSP90B1	experimental	313	0	0	0	0	313	0	137	382
PLEKHA7	HSPA1B	experimental	311	0	0	0	0	311	0	66	329
PLEKHA7	HSPA5	experimental	311	0	0	0	0	311	0	115	364
PLEKHA7	HSPA8	experimental	311	0	0	0	0	311	0	66	329
PLEKHA7	HSPA9	experimental	311	0	0	0	0	311	0	66	329
PLEKHA7	HSPBP1	experimental	292	0	0	0	0	292	0	43	293
PLEKHA7	HSPD1	experimental	307	0	0	0	0	307	0	64	323
PLEKHA7	HSPH1	experimental	311	0	0	0	0	311	0	66	329
PLEKHA7	IARS1	experimental	292	0	0	0	0	292	0	45	294
PLEKHA7	IDH1	experimental	292	0	0	0	0	292	0	0	292
PLEKHA7	IGF2BP1	experimental	292	0	0	0	0	292	0	92	329
PLEKHA7	IGF2BP2	experimental	292	0	0	0	0	292	0	59	305
PLEKHA7	IGF2BP3	experimental	292	0	0	0	0	292	0	0	292
PLEKHA7	IGFL2	experimental	182	0	0	0	0	182	0	0	181
PLEKHA7	IKZF5	experimental	71	0	0	0	0	71	0	147	173
PLEKHA7	ILF2	experimental	292	0	0	0	0	292	0	0	292
PLEKHA7	INPP5A	experimental	292	0	0	0	55	292	0	0	302
PLEKHA7	INSM1	experimental	100	0	0	0	0	100	0	310	352
PLEKHA7	INTS8	experimental	250	0	0	0	0	250	0	80	280
PLEKHA7	IQGAP1	experimental	292	0	0	0	0	292	0	149	371
PLEKHA7	ISG15	experimental	159	0	0	0	0	159	0	68	182
PLEKHA7	ITM2B	experimental	292	0	0	0	0	292	0	0	292
PLEKHA7	JAG1	experimental	97	0	0	0	44	97	0	97	152
PLEKHA7	JUP	experimental	292	0	0	0	62	292	0	61	321
PLEKHA7	KCTD2	experimental	133	0	0	0	0	133	0	76	164
PLEKHA7	KCTD3	experimental	319	0	0	0	53	319	0	0	327
PLEKHA7	KHDRBS1	experimental	292	0	0	0	0	292	0	0	292
PLEKHA7	KHSRP	experimental	292	0	0	0	0	292	0	0	292
PLEKHA7	KIAA1217	experimental	71	0	0	0	60	71	0	230	268
PLEKHA7	KIAA1671	experimental	47	0	0	0	147	47	0	46	156
PLEKHA7	KIF5B	experimental	292	0	0	0	65	292	0	220	438
PLEKHA7	KIFC3	experimental	186	0	0	0	0	186	0	955	961
PLEKHA7	KIN	experimental	292	0	0	0	0	292	0	0	292
PLEKHA7	KPNA1	experimental	303	0	0	0	54	303	0	69	332
PLEKHA7	KPNA3	experimental	303	0	0	0	54	303	0	69	332
PLEKHA7	KPNB1	experimental	337	0	0	0	59	337	0	81	376
PLEKHA7	KRAS	experimental	192	0	0	0	0	192	0	106	246
PLEKHA7	KSR1	experimental	101	0	0	0	0	101	0	130	184
PLEKHA7	LACTB	experimental	322	0	0	0	0	322	0	45	325
PLEKHA7	LAD1	experimental	292	0	0	0	72	292	0	44	317
PLEKHA7	LARP1	experimental	292	0	0	0	0	292	0	0	292
PLEKHA7	LASP1	experimental	292	0	0	0	0	292	0	0	292
PLEKHA7	LATS1	experimental	258	0	0	0	43	258	0	89	296
PLEKHA7	LATS2	experimental	258	0	0	0	43	258	0	89	296
PLEKHA7	LDHA	experimental	292	0	0	0	0	292	0	0	292
PLEKHA7	LGALS8	experimental	292	0	0	0	0	292	0	0	292
PLEKHA7	LIMA1	experimental	329	0	0	0	47	329	0	204	446
PLEKHA7	LIMCH1	experimental	292	0	0	0	44	292	0	54	303
PLEKHA7	LMNA	experimental	292	0	0	0	0	292	0	0	292
PLEKHA7	LMNB1	experimental	292	0	0	0	0	292	0	0	292
PLEKHA7	LMO7	experimental	292	0	0	0	42	292	0	175	391
PLEKHA7	LNX2	experimental	62	0	0	0	128	62	0	64	167
PLEKHA7	LOXL1	experimental	97	0	0	0	0	97	0	186	233
PLEKHA7	LPAR5	experimental	126	0	0	0	65	126	0	46	152
PLEKHA7	LRPAP1	experimental	292	0	0	0	0	292	0	0	292
PLEKHA7	LRPPRC	experimental	292	0	0	0	0	292	0	0	292
PLEKHA7	LRRC59	experimental	292	0	0	0	0	292	0	43	293
PLEKHA7	LSM11	experimental	292	0	0	0	0	292	0	0	292
PLEKHA7	LSM14A	experimental	292	0	0	0	45	292	0	0	294
PLEKHA7	LTBP2	experimental	97	0	0	0	0	97	0	183	230
PLEKHA7	LTBP3	experimental	97	0	0	0	49	97	0	187	240
PLEKHA7	LUZP1	experimental	292	0	0	0	0	292	0	0	292
PLEKHA7	LYN	experimental	151	0	0	0	0	151	0	43	153
PLEKHA7	LZTS1	experimental	127	0	0	0	0	127	0	132	209
PLEKHA7	LZTS2	experimental	225	0	0	0	42	225	0	53	235
PLEKHA7	MALSU1	experimental	292	0	0	0	0	292	0	0	292
PLEKHA7	MAP4	experimental	292	0	0	0	0	292	0	150	372
PLEKHA7	MAP7D2	experimental	311	0	0	0	44	311	0	49	319
PLEKHA7	MAPK1	experimental	298	0	0	0	0	298	0	90	333
PLEKHA7	MAPK14	experimental	298	0	0	0	0	298	0	71	319
PLEKHA7	MARCKS	experimental	311	0	0	0	0	311	0	85	342
PLEKHA7	MARCKSL1	experimental	292	0	0	0	0	292	0	0	292
PLEKHA7	MATR3-2	experimental	333	0	0	0	0	333	0	71	354
PLEKHA7	MCM3	experimental	292	0	0	0	0	292	0	44	294
PLEKHA7	MCM5	experimental	292	0	0	0	0	292	0	0	292
PLEKHA7	MDH2	experimental	292	0	0	0	0	292	0	0	292
PLEKHA7	MECOM	experimental	71	0	0	0	56	71	0	202	238
PLEKHA7	MED4	experimental	292	0	0	0	0	292	0	0	292
PLEKHA7	MFGE8	experimental	292	0	0	0	0	292	0	54	301
PLEKHA7	MFRP	experimental	72	0	0	0	0	72	0	316	338
PLEKHA7	MICALL1	experimental	292	0	0	0	43	292	0	0	293
PLEKHA7	MISP	experimental	292	0	0	0	63	292	0	0	308
PLEKHA7	MOCOS	experimental	292	0	0	0	42	292	0	0	292
PLEKHA7	MOV10	experimental	292	0	0	0	49	292	0	70	319
PLEKHA7	MPP5	experimental	311	0	0	0	58	311	0	174	417
PLEKHA7	MPRIP	experimental	292	0	0	0	0	292	0	110	343
PLEKHA7	MSI2	experimental	301	0	0	0	49	301	0	43	308
PLEKHA7	MTUS1	experimental	292	0	0	0	95	292	0	0	331
PLEKHA7	MTUS2	experimental	292	0	0	0	0	292	0	0	292
PLEKHA7	MVP	experimental	292	0	0	0	0	292	0	0	292
PLEKHA7	MYC	experimental	93	0	0	0	0	93	0	175	220
PLEKHA7	MYH9	experimental	314	0	0	0	0	314	0	49	319
PLEKHA7	MYL12B	experimental	318	0	0	0	0	318	0	0	317
PLEKHA7	MYL6	experimental	318	0	0	0	0	318	0	132	382
PLEKHA7	MYO18A	experimental	314	0	0	0	0	314	0	181	414
PLEKHA7	MYO1B	experimental	292	0	0	0	49	292	0	43	299
PLEKHA7	MYO1D	experimental	292	0	0	0	56	292	0	43	304
PLEKHA7	MYO6	experimental	292	0	0	0	101	292	0	0	336
PLEKHA7	MYOF	experimental	292	0	0	0	45	292	0	0	294
PLEKHA7	NAALADL2	experimental	95	0	0	0	0	95	0	221	265
PLEKHA7	NACA	experimental	314	0	0	0	0	314	0	0	314
PLEKHA7	NADK	experimental	219	0	0	0	0	100	119	0	173
PLEKHA7	NAGK	experimental	292	0	0	0	0	292	0	0	292
PLEKHA7	NAP1L1	experimental	308	0	0	0	0	308	0	0	308
PLEKHA7	NAPA	experimental	292	0	0	0	0	292	0	85	324
PLEKHA7	NAPG	experimental	292	0	0	0	0	292	0	0	292
PLEKHA7	NCBP1	experimental	292	0	0	0	0	292	0	0	292
PLEKHA7	NCL	experimental	292	0	0	0	51	292	0	0	299
PLEKHA7	NDE1	experimental	292	0	0	0	0	292	0	73	315
PLEKHA7	NDFIP1	experimental	249	0	0	0	0	249	0	115	306
PLEKHA7	NDFIP2	experimental	249	0	0	0	55	249	0	115	317
PLEKHA7	NDUFS2	experimental	292	0	0	0	0	292	0	47	296
PLEKHA7	NECAP1	experimental	292	0	0	0	0	292	0	52	300
PLEKHA7	NECTIN1	experimental	52	0	0	0	49	52	0	302	315
PLEKHA7	NECTIN3	experimental	52	0	0	0	0	52	0	526	531
PLEKHA7	NEDD8	experimental	159	0	0	0	0	159	0	81	194
PLEKHA7	NF1	experimental	100	0	0	0	55	100	0	84	152
PLEKHA7	NPIPB15	experimental	82	0	0	0	0	82	0	114	151
PLEKHA7	NPM1	experimental	292	0	0	0	0	292	0	0	292
PLEKHA7	NSF	experimental	316	0	0	0	0	316	0	68	335
PLEKHA7	NUDC	experimental	292	0	0	0	0	292	0	0	292
PLEKHA7	NUFIP2	experimental	292	0	0	0	0	292	0	56	303
PLEKHA7	NUMB	experimental	292	0	0	0	0	292	0	195	405
PLEKHA7	NWD1	experimental	292	0	0	0	53	292	0	98	342
PLEKHA7	OAS1	experimental	292	0	0	0	0	292	0	0	292
PLEKHA7	OASL	experimental	159	0	0	0	0	159	0	68	182
PLEKHA7	OAT	experimental	292	0	0	0	0	292	0	0	292
PLEKHA7	OCLN	experimental	333	0	0	0	76	333	0	167	441
PLEKHA7	OCRL	experimental	292	0	0	0	0	292	0	0	292
PLEKHA7	OGT	experimental	292	0	0	0	0	292	0	0	292
PLEKHA7	OLA1	experimental	292	0	0	0	55	292	0	0	302
PLEKHA7	OSBPL8	experimental	292	0	0	0	60	292	0	0	306
PLEKHA7	P4HB	experimental	305	0	0	0	0	305	0	0	305
PLEKHA7	PA2G4	experimental	292	0	0	0	0	292	0	0	292
PLEKHA7	PABPC1	experimental	292	0	0	0	51	292	0	91	335
PLEKHA7	PACSIN2	experimental	311	0	0	0	0	311	0	42	311
PLEKHA7	PAICS	experimental	292	0	0	0	0	292	0	0	292
PLEKHA7	PALM	experimental	292	0	0	0	0	292	0	0	292
PLEKHA7	PALM2AKAP2	experimental	292	0	0	0	0	292	0	0	292
PLEKHA7	PALM3	experimental	311	0	0	0	0	311	0	49	316
PLEKHA7	PARD3	experimental	236	0	0	0	49	236	0	174	347
PLEKHA7	PATJ	experimental	62	0	0	0	67	62	0	230	267
PLEKHA7	PATL1	experimental	292	0	0	0	0	292	0	0	292
PLEKHA7	PAWR	experimental	292	0	0	0	49	292	0	0	297
PLEKHA7	PBXIP1	experimental	292	0	0	0	0	292	0	0	292
PLEKHA7	PCBD1	experimental	167	0	0	0	49	167	0	46	178
PLEKHA7	PCBP1	experimental	292	0	0	0	0	292	0	0	292
PLEKHA7	PCBP2	experimental	292	0	0	0	0	292	0	0	292
PLEKHA7	PCNA	experimental	292	0	0	0	55	292	0	0	302
PLEKHA7	PCYT1A	experimental	297	0	0	0	0	297	0	0	297
PLEKHA7	PDCD6IP	experimental	114	0	0	0	0	114	0	81	150
PLEKHA7	PDHA1	experimental	292	0	0	0	71	292	0	0	314
PLEKHA7	PDLIM1	experimental	292	0	0	0	49	292	0	0	297
PLEKHA7	PDLIM2	experimental	292	0	0	0	0	292	0	0	292
PLEKHA7	PDZD11	experimental	782	0	0	0	0	62	720	767	933
PLEKHA7	PGD	experimental	292	0	0	0	0	292	0	52	300
PLEKHA7	PGK1	experimental	292	0	0	0	0	292	0	82	322
PLEKHA7	PHB2	experimental	292	0	0	0	0	292	0	0	292
PLEKHA7	PHGDH	experimental	292	0	0	0	0	292	0	0	292
PLEKHA7	PIBF1	experimental	165	0	0	0	42	165	0	52	175
PLEKHA7	PICALM	experimental	292	0	0	0	0	292	0	60	305
PLEKHA7	PIK3C2A	experimental	292	0	0	0	49	292	0	153	379
PLEKHA7	PLBD1	experimental	292	0	0	0	42	292	0	0	292
PLEKHA7	PLEKHA4	experimental	292	0	0	0	0	292	0	114	345
PLEKHA7	PLEKHG3	experimental	292	0	0	0	60	292	0	183	408
PLEKHA7	PLEKHH3	experimental	53	0	0	0	49	53	0	233	248
PLEKHA7	PLIN3	experimental	322	0	0	0	0	322	0	45	325
PLEKHA7	PLS1	experimental	292	0	0	0	76	292	0	0	317
PLEKHA7	PLS3	experimental	292	0	0	0	63	292	0	0	308
PLEKHA7	PM20D1	experimental	98	0	0	0	47	98	0	103	161
PLEKHA7	PNN	experimental	292	0	0	0	0	292	0	0	292
PLEKHA7	POLDIP2	experimental	292	0	0	0	0	292	0	0	292
PLEKHA7	PON2	experimental	292	0	0	0	47	292	0	0	296
PLEKHA7	POTEE	experimental	327	0	0	0	0	327	0	63	342
PLEKHA7	PPA1	experimental	292	0	0	0	0	292	0	0	292
PLEKHA7	PPIF	experimental	796	0	0	0	0	76	720	0	730
PLEKHA7	PPL	experimental	362	0	0	0	60	362	0	0	374
PLEKHA7	PPME1	experimental	292	0	0	0	0	292	0	0	292
PLEKHA7	PPP1CA	experimental	292	0	0	0	49	292	0	47	302
PLEKHA7	PPP1CB	experimental	292	0	0	0	49	292	0	66	316
PLEKHA7	PPP1R12A	experimental	322	0	0	0	0	322	0	45	325
PLEKHA7	PPP1R9B	experimental	292	0	0	0	0	292	0	0	292
PLEKHA7	PPP2CB	experimental	292	0	0	0	0	292	0	47	296
PLEKHA7	PPP2R1A	experimental	292	0	0	0	55	292	0	55	312
PLEKHA7	PRDM15	experimental	71	0	0	0	49	71	0	116	150
PLEKHA7	PRKACA	experimental	292	0	0	0	0	292	0	0	292
PLEKHA7	PRKAG1	experimental	292	0	0	0	0	292	0	0	292
PLEKHA7	PRMT1	experimental	292	0	0	0	0	292	0	0	292
PLEKHA7	PRMT5	experimental	292	0	0	0	59	292	0	0	305
PLEKHA7	PROCR	experimental	292	0	0	0	0	292	0	0	292
PLEKHA7	PRPSAP2	experimental	292	0	0	0	55	292	0	0	302
PLEKHA7	PRSS8	experimental	292	0	0	0	68	292	0	0	311
PLEKHA7	PSMC5	experimental	292	0	0	0	0	292	0	73	315
PLEKHA7	PSMC6	experimental	292	0	0	0	0	292	0	46	295
PLEKHA7	PSMD11	experimental	292	0	0	0	0	292	0	48	297
PLEKHA7	PSMD13	experimental	292	0	0	0	0	292	0	0	292
PLEKHA7	PSMD4	experimental	185	0	0	0	0	185	0	114	247
PLEKHA7	PSMD6	experimental	292	0	0	0	0	292	0	47	296
PLEKHA7	PSMD7	experimental	310	0	0	0	0	310	0	62	325
PLEKHA7	PTBP1	experimental	292	0	0	0	0	292	0	0	292
PLEKHA7	PTPN23	experimental	137	0	0	0	43	137	0	90	182
PLEKHA7	PTPN3	experimental	71	0	0	0	97	71	0	91	170
PLEKHA7	PURA	experimental	292	0	0	0	0	292	0	0	292
PLEKHA7	QARS1	experimental	292	0	0	0	0	292	0	0	292
PLEKHA7	QPRT	experimental	292	0	0	0	0	292	0	0	292
PLEKHA7	RAD23A	experimental	159	0	0	0	0	159	0	80	193
PLEKHA7	RAD23B	experimental	159	0	0	0	0	159	0	80	193
PLEKHA7	RAE1	experimental	312	0	0	0	0	312	0	0	311
PLEKHA7	RAI14	experimental	322	0	0	0	0	322	0	45	325
PLEKHA7	RALBP1	experimental	295	0	0	0	0	295	0	0	294
PLEKHA7	RALY	experimental	314	0	0	0	0	314	0	0	314
PLEKHA7	RANBP10	experimental	113	0	0	0	49	113	0	89	164
PLEKHA7	RANBP9	experimental	113	0	0	0	0	113	0	89	157
PLEKHA7	RARS1	experimental	292	0	0	0	0	292	0	0	292
PLEKHA7	RBBP5	experimental	292	0	0	0	0	292	0	0	292
PLEKHA7	RBM4	experimental	314	0	0	0	0	314	0	0	314
PLEKHA7	RCN1	experimental	292	0	0	0	0	292	0	0	292
PLEKHA7	RDH12	experimental	233	0	0	0	0	233	0	0	232
PLEKHA7	RDX	experimental	331	0	0	0	0	331	0	46	334
PLEKHA7	REPS1	experimental	292	0	0	0	49	292	0	0	297
PLEKHA7	RET	experimental	46	0	0	0	0	46	0	166	170
PLEKHA7	RFC4	experimental	292	0	0	0	0	292	0	0	292
PLEKHA7	RHOA	experimental	47	0	0	0	0	47	0	402	405
PLEKHA7	RHPN1	experimental	114	0	0	0	0	114	0	81	150
PLEKHA7	RHPN2	experimental	114	0	0	0	115	114	0	81	216
PLEKHA7	RNH1	experimental	292	0	0	0	0	292	0	45	294
PLEKHA7	ROS1	experimental	71	0	0	0	0	71	0	126	153
PLEKHA7	RP2	experimental	292	0	0	0	59	292	0	0	305
PLEKHA7	RPL4	experimental	292	0	0	0	0	292	0	0	292
PLEKHA7	RPL5	experimental	292	0	0	0	0	292	0	0	292
PLEKHA7	RPL6	experimental	292	0	0	0	0	292	0	0	292
PLEKHA7	RPLP0	experimental	292	0	0	0	0	292	0	51	299
PLEKHA7	RPN1	experimental	292	0	0	0	0	292	0	0	292
PLEKHA7	RPRD1B	experimental	292	0	0	0	49	292	0	0	297
PLEKHA7	RPS27A	experimental	392	0	0	0	0	392	0	68	408
PLEKHA7	RPSA	experimental	312	0	0	0	0	312	0	0	311
PLEKHA7	RRBP1	experimental	292	0	0	0	0	292	0	53	300
PLEKHA7	RSPRY1	experimental	292	0	0	0	46	292	0	0	295
PLEKHA7	RTF2	experimental	292	0	0	0	0	292	0	0	292
PLEKHA7	SAFB	experimental	292	0	0	0	0	292	0	0	292
PLEKHA7	SARAF	experimental	148	0	0	0	55	148	0	44	163
PLEKHA7	SCNN1A	experimental	100	0	0	0	62	100	0	84	159
PLEKHA7	SCNN1B	experimental	100	0	0	0	43	100	0	156	209
PLEKHA7	SDC4	experimental	292	0	0	0	45	292	0	0	294
PLEKHA7	SEC13	experimental	292	0	0	0	0	292	0	0	292
PLEKHA7	SEC23A	experimental	314	0	0	0	57	314	0	0	325
PLEKHA7	SEC23B	experimental	314	0	0	0	57	314	0	0	325
PLEKHA7	SEC24C	experimental	292	0	0	0	0	292	0	0	292
PLEKHA7	SEH1L	experimental	292	0	0	0	0	292	0	0	292
PLEKHA7	SEMA7A	experimental	292	0	0	0	0	292	0	0	292
PLEKHA7	SEPHS1	experimental	292	0	0	0	0	292	0	0	292
PLEKHA7	SEPTIN2	experimental	314	0	0	0	0	314	0	48	319
PLEKHA7	SEPTIN7	experimental	314	0	0	0	0	314	0	48	319
PLEKHA7	SERPINB1	experimental	292	0	0	0	0	292	0	0	292
PLEKHA7	SERPINH1	experimental	292	0	0	0	0	292	0	0	292
PLEKHA7	SET	experimental	292	0	0	0	0	292	0	0	292
PLEKHA7	SETD1A	experimental	299	0	0	0	0	299	0	50	305
PLEKHA7	SF1	experimental	292	0	0	0	0	292	0	0	292
PLEKHA7	SFN	experimental	126	0	0	0	59	126	0	65	163
PLEKHA7	SFPQ	experimental	292	0	0	0	0	292	0	0	292
PLEKHA7	SGF29	experimental	292	0	0	0	0	292	0	0	292
PLEKHA7	SGTA	experimental	313	0	0	0	0	313	0	57	324
PLEKHA7	SH3GL1	experimental	292	0	0	0	0	292	0	0	292
PLEKHA7	SH3KBP1	experimental	313	0	0	0	0	313	0	0	312
PLEKHA7	SHKBP1	experimental	292	0	0	0	45	292	0	0	294
PLEKHA7	SIPA1L3	experimental	292	0	0	0	49	292	0	0	297
PLEKHA7	SLBP	experimental	292	0	0	0	0	292	0	0	292
PLEKHA7	SLC25A31	database	720	0	0	0	0	0	720	71	728
PLEKHA7	SLC25A4	database	720	0	0	0	0	0	720	71	728
PLEKHA7	SLC25A5	database	720	0	0	0	0	0	720	71	728
PLEKHA7	SLC2A1	experimental	292	0	0	0	0	292	0	44	294
PLEKHA7	SLC2A3	experimental	292	0	0	0	0	292	0	44	294
PLEKHA7	SLC3A2	experimental	308	0	0	0	0	308	0	0	308
PLEKHA7	SLC44A3	experimental	71	0	0	0	124	71	0	0	151
PLEKHA7	SLC9A3R2	experimental	308	0	0	0	0	308	0	64	324
PLEKHA7	SMAD1	experimental	250	0	0	0	60	250	0	80	294
PLEKHA7	SMAD2	experimental	250	0	0	0	0	250	0	80	280
PLEKHA7	SMAD3	experimental	250	0	0	0	0	250	0	80	280
PLEKHA7	SMAD4	experimental	250	0	0	0	0	250	0	80	280
PLEKHA7	SMAD5	experimental	250	0	0	0	49	250	0	80	286
PLEKHA7	SMAD6	experimental	250	0	0	0	44	250	0	80	282
PLEKHA7	SMAD7	experimental	250	0	0	0	44	250	0	80	282
PLEKHA7	SMAD9	experimental	250	0	0	0	0	250	0	80	280
PLEKHA7	SMC3	experimental	66	0	0	0	0	66	0	150	172
PLEKHA7	SMN1	experimental	292	0	0	0	0	292	0	0	292
PLEKHA7	SMPDL3B	experimental	292	0	0	0	0	292	0	73	315
PLEKHA7	SMTN	experimental	292	0	0	0	0	292	0	0	292
PLEKHA7	SNRNP70	experimental	308	0	0	0	0	308	0	49	313
PLEKHA7	SNW1	experimental	292	0	0	0	0	292	0	47	296
PLEKHA7	SNX9	experimental	331	0	0	0	44	331	0	52	340
PLEKHA7	SORBS1	experimental	292	0	0	0	50	292	0	84	329
PLEKHA7	SORBS2	experimental	292	0	0	0	44	292	0	57	305
PLEKHA7	SORBS3	experimental	292	0	0	0	0	292	0	57	303
PLEKHA7	SORD	experimental	292	0	0	0	42	292	0	0	292
PLEKHA7	SOWAHB	experimental	212	0	0	0	67	212	0	66	253
PLEKHA7	SPECC1	experimental	292	0	0	0	42	292	0	0	292
PLEKHA7	SPECC1L	experimental	292	0	0	0	42	292	0	198	408
PLEKHA7	SPG7	database	720	0	0	0	0	0	720	45	721
PLEKHA7	SPINT1	experimental	292	0	0	0	67	292	0	0	311
PLEKHA7	SPRYD3	experimental	113	0	0	0	0	113	0	89	157
PLEKHA7	SPTAN1	experimental	292	0	0	0	52	292	0	63	316
PLEKHA7	SPTBN1	experimental	363	0	0	0	0	363	0	203	470
PLEKHA7	SQSTM1	experimental	292	0	0	0	0	292	0	0	292
PLEKHA7	SRC	experimental	314	0	0	0	0	314	0	162	400
PLEKHA7	SRRM2	experimental	292	0	0	0	0	292	0	0	292
PLEKHA7	SRRT	experimental	292	0	0	0	46	292	0	0	295
PLEKHA7	SSB	experimental	292	0	0	0	0	292	0	0	292
PLEKHA7	SSR1	experimental	292	0	0	0	0	292	0	0	292
PLEKHA7	SSX2IP	experimental	97	0	0	0	0	97	0	124	175
PLEKHA7	STARD10	experimental	292	0	0	0	67	292	0	53	319
PLEKHA7	STK11	experimental	174	0	0	0	0	174	0	68	197
PLEKHA7	STK3	experimental	138	0	0	0	0	138	0	84	176
PLEKHA7	STK4	experimental	138	0	0	0	0	138	0	84	176
PLEKHA7	STOML2	experimental	292	0	0	0	0	292	0	51	299
PLEKHA7	STON2	experimental	292	0	0	0	44	292	0	0	294
PLEKHA7	STRAP	experimental	292	0	0	0	0	292	0	50	298
PLEKHA7	STUB1	experimental	292	0	0	0	0	292	0	49	297
PLEKHA7	STX3	experimental	312	0	0	0	0	312	0	0	311
PLEKHA7	SUGP1	experimental	292	0	0	0	0	292	0	0	292
PLEKHA7	SUGT1	experimental	318	0	0	0	0	318	0	45	320
PLEKHA7	SYNCRIP	experimental	292	0	0	0	0	292	0	0	292
PLEKHA7	SYNJ1	experimental	292	0	0	0	0	292	0	0	292
PLEKHA7	SYNPO	experimental	314	0	0	0	0	314	0	48	319
PLEKHA7	TACC3	experimental	70	0	0	0	0	70	0	169	193
PLEKHA7	TALDO1	experimental	292	0	0	0	0	292	0	0	292
PLEKHA7	TANC1	experimental	82	0	0	0	68	82	0	152	210
PLEKHA7	TARBP2	experimental	292	0	0	0	0	292	0	0	292
PLEKHA7	TARDBP	experimental	314	0	0	0	0	314	0	0	314
PLEKHA7	TBC1D2	experimental	292	0	0	0	48	292	0	0	297
PLEKHA7	TBC1D4	experimental	292	0	0	0	0	292	0	124	353
PLEKHA7	TBL1XR1	experimental	292	0	0	0	0	292	0	73	315
PLEKHA7	TBL2	experimental	292	0	0	0	0	292	0	73	315
PLEKHA7	TCEA1	experimental	300	0	0	0	0	300	0	0	300
PLEKHA7	TCOF1	experimental	333	0	0	0	0	333	0	49	338
PLEKHA7	TEAD1	experimental	230	0	0	0	0	230	0	79	260
PLEKHA7	TEAD2	experimental	230	0	0	0	0	230	0	79	260
PLEKHA7	TEAD3	experimental	230	0	0	0	49	230	0	79	266
PLEKHA7	TEAD4	experimental	230	0	0	0	0	230	0	79	260
PLEKHA7	TFG	experimental	333	0	0	0	0	333	0	187	434
PLEKHA7	TFRC	experimental	332	0	0	0	0	332	0	51	338
PLEKHA7	TGFBR3	experimental	97	0	0	0	0	97	0	126	177
PLEKHA7	THG1L	experimental	292	0	0	0	0	292	0	0	292
PLEKHA7	THOC6	experimental	292	0	0	0	0	292	0	65	309
PLEKHA7	TIMM50	experimental	300	0	0	0	0	300	0	0	300
PLEKHA7	TJP1	experimental	311	0	0	241	87	311	0	728	852
PLEKHA7	TJP2	experimental	311	0	0	0	82	311	0	236	474
PLEKHA7	TJP3	experimental	311	0	0	0	90	311	0	231	475
PLEKHA7	TMEM116	experimental	133	0	0	0	0	133	0	73	161
PLEKHA7	TMEM43	experimental	292	0	0	0	0	292	0	0	292
PLEKHA7	TMOD1	experimental	292	0	0	0	0	292	0	0	292
PLEKHA7	TMOD3	experimental	292	0	0	0	0	292	0	0	292
PLEKHA7	TMPO	experimental	333	0	0	0	0	333	0	49	338
PLEKHA7	TMTC3	experimental	69	0	0	0	44	69	0	140	167
PLEKHA7	TNKS1BP1	experimental	292	0	0	0	49	292	0	45	300
PLEKHA7	TNRC6A	experimental	292	0	0	0	0	292	0	138	363
PLEKHA7	TNRC6B	experimental	292	0	0	0	0	292	0	102	336
PLEKHA7	TOM1	experimental	307	0	0	0	0	307	0	92	343
PLEKHA7	TOMM40	experimental	832	0	0	0	57	292	540	0	666
PLEKHA7	TOMM40L	database	540	0	0	0	57	0	540	0	547
PLEKHA7	TPM1	experimental	292	0	0	0	0	292	0	0	292
PLEKHA7	TRIM28	experimental	314	0	0	0	0	314	0	50	320
PLEKHA7	TRIM66	experimental	71	0	0	0	44	71	0	130	160
PLEKHA7	TRIM8	experimental	71	0	0	206	0	71	0	50	238
PLEKHA7	TRIOBP	experimental	292	0	0	0	0	292	0	45	294
PLEKHA7	TSGA10	experimental	173	0	0	0	44	173	0	52	185
PLEKHA7	TSPAN33	experimental	1197	0	0	0	0	477	720	446	911
PLEKHA7	TUBA1B	experimental	292	0	0	0	0	292	0	0	292
PLEKHA7	TUFM	experimental	292	0	0	0	0	292	0	0	292
PLEKHA7	TWF1	experimental	292	0	0	0	0	292	0	0	292
PLEKHA7	TWF2	experimental	292	0	0	0	0	292	0	0	292
PLEKHA7	TXNIP	experimental	269	0	0	0	0	269	0	113	323
PLEKHA7	UACA	experimental	322	0	0	0	49	322	0	45	330
PLEKHA7	UBA52	experimental	384	0	0	0	0	384	0	84	411
PLEKHA7	UBB	experimental	159	0	0	0	0	159	0	68	182
PLEKHA7	UBC	experimental	159	0	0	0	0	159	0	68	182
PLEKHA7	UBD	experimental	159	0	0	0	44	159	0	68	185
PLEKHA7	UBE2A	experimental	133	0	0	0	0	133	0	76	164
PLEKHA7	UBE2B	experimental	133	0	0	0	0	133	0	76	164
PLEKHA7	UBE2C	experimental	133	0	0	0	0	133	0	76	164
PLEKHA7	UBE2D1	experimental	133	0	0	0	0	133	0	76	164
PLEKHA7	UBE2D2	experimental	133	0	0	0	0	133	0	76	164
PLEKHA7	UBE2D3	experimental	133	0	0	0	0	133	0	76	164
PLEKHA7	UBE2D4	experimental	133	0	0	0	0	133	0	76	164
PLEKHA7	UBE2E1	experimental	133	0	0	0	0	133	0	76	164
PLEKHA7	UBE2E2	experimental	133	0	0	0	0	133	0	76	164
PLEKHA7	UBE2E3	experimental	133	0	0	0	0	133	0	76	164
PLEKHA7	UBE2G1	experimental	133	0	0	0	0	133	0	76	164
PLEKHA7	UBE2I	experimental	133	0	0	0	0	133	0	76	164
PLEKHA7	UBE2J1	experimental	133	0	0	0	0	133	0	76	164
PLEKHA7	UBE2K	experimental	190	0	0	0	0	190	0	76	219
PLEKHA7	UBE2L3	experimental	133	0	0	0	0	133	0	76	164
PLEKHA7	UBE2L5	experimental	133	0	0	0	0	133	0	76	164
PLEKHA7	UBE2L6	experimental	133	0	0	0	0	133	0	76	164
PLEKHA7	UBE2N	experimental	133	0	0	0	0	133	0	76	164
PLEKHA7	UBE2O	experimental	133	0	0	0	0	133	0	76	164
PLEKHA7	UBE2R2	experimental	133	0	0	0	0	133	0	76	164
PLEKHA7	UBE2S	experimental	133	0	0	0	0	133	0	76	164
PLEKHA7	UBE2T	experimental	133	0	0	0	0	133	0	76	164
PLEKHA7	UBE2U	experimental	133	0	0	0	0	133	0	76	164
PLEKHA7	UBE2W	experimental	133	0	0	0	0	133	0	76	164
PLEKHA7	UBE2Z	experimental	133	0	0	0	0	133	0	76	164
PLEKHA7	UBL4A	experimental	159	0	0	0	0	159	0	68	182
PLEKHA7	UBL4B	experimental	159	0	0	0	0	159	0	68	182
PLEKHA7	UBL7	experimental	159	0	0	0	0	159	0	95	206
PLEKHA7	UBQLN1	experimental	159	0	0	0	0	159	0	68	182
PLEKHA7	UBQLN2	experimental	159	0	0	0	0	159	0	68	182
PLEKHA7	UBQLN3	experimental	159	0	0	0	0	159	0	68	182
PLEKHA7	UBQLN4	experimental	159	0	0	0	0	159	0	68	182
PLEKHA7	UBQLNL	experimental	159	0	0	0	42	159	0	68	183
PLEKHA7	UBXN1	experimental	292	0	0	0	0	292	0	83	323
PLEKHA7	UBXN7	experimental	126	0	0	0	52	126	0	102	190
PLEKHA7	ULK4	experimental	70	0	0	0	48	70	0	505	523
PLEKHA7	UNC45A	experimental	292	0	0	0	0	292	0	0	292
PLEKHA7	USP10	experimental	128	0	0	0	0	128	0	120	199
PLEKHA7	USP13	experimental	146	0	0	0	44	146	0	102	202
PLEKHA7	USP18	experimental	136	0	0	0	57	136	0	92	195
PLEKHA7	USP20	experimental	166	0	0	0	0	166	0	67	188
PLEKHA7	USP25	experimental	136	0	0	0	57	136	0	92	195
PLEKHA7	USP28	experimental	136	0	0	0	65	136	0	92	202
PLEKHA7	USP34	experimental	136	0	0	0	57	136	0	92	195
PLEKHA7	USP40	experimental	136	0	0	0	65	136	0	92	202
PLEKHA7	USP41	experimental	136	0	0	0	57	136	0	92	195
PLEKHA7	USP48	experimental	136	0	0	0	57	136	0	92	195
PLEKHA7	USP5	experimental	370	0	0	0	44	370	0	102	411
PLEKHA7	USP7	experimental	362	0	0	0	57	362	0	92	406
PLEKHA7	VCL	experimental	292	0	0	0	0	292	0	193	404
PLEKHA7	VCP	experimental	327	0	0	0	0	327	0	46	330
PLEKHA7	VDAC1	database	720	0	0	0	0	0	720	83	732
PLEKHA7	VDAC2	database	540	0	0	0	0	0	540	83	560
PLEKHA7	VDAC3	database	540	0	0	0	0	0	540	83	560
PLEKHA7	VGLL4	experimental	144	0	0	0	49	144	0	79	184
PLEKHA7	VIL1	experimental	292	0	0	0	0	292	0	0	292
PLEKHA7	VIRMA	experimental	292	0	0	0	0	292	0	0	292
PLEKHA7	VPS26A	experimental	315	0	0	0	0	315	0	74	338
PLEKHA7	VPS37B	experimental	292	0	0	0	0	292	0	0	292
PLEKHA7	VTA1	experimental	292	0	0	0	0	292	0	0	292
PLEKHA7	WDR1	experimental	292	0	0	0	0	292	0	81	321
PLEKHA7	WDR18	experimental	292	0	0	0	0	292	0	73	315
PLEKHA7	WDR5	experimental	292	0	0	0	0	292	0	53	300
PLEKHA7	WDR77	experimental	292	0	0	0	0	292	0	73	315
PLEKHA7	WDR82	experimental	292	0	0	0	0	292	0	0	292
PLEKHA7	XRCC1	experimental	292	0	0	0	0	292	0	0	292
PLEKHA7	XRCC5	experimental	292	0	0	0	0	292	0	0	292
PLEKHA7	XRCC6	experimental	292	0	0	0	0	292	0	0	292
PLEKHA7	XRN1	experimental	301	0	0	0	51	301	0	0	308
PLEKHA7	XRN2	experimental	292	0	0	0	0	292	0	0	292
PLEKHA7	YAP1	experimental	292	0	0	0	48	292	0	51	304
PLEKHA7	YBX1	experimental	292	0	0	0	0	292	0	0	292
PLEKHA7	YES1	experimental	314	0	0	0	49	314	0	43	321
PLEKHA7	YWHAB	experimental	472	0	0	0	0	472	0	65	485
PLEKHA7	YWHAE	experimental	473	0	0	0	0	473	0	65	486
PLEKHA7	YWHAG	experimental	388	0	0	0	0	388	0	65	403
PLEKHA7	YWHAH	experimental	252	0	0	0	0	252	0	65	270
PLEKHA7	YWHAQ	experimental	479	0	0	0	0	479	0	80	499
PLEKHA7	YWHAZ	experimental	476	0	0	0	0	476	0	65	489
PLEKHA7	ZBED1	experimental	292	0	0	0	0	292	0	57	303
PLEKHA7	ZBTB33	experimental	71	0	0	0	0	71	0	142	168
PLEKHA7	ZCCHC3	experimental	292	0	0	0	0	292	0	0	292
PLEKHA7	ZFAND4	experimental	159	0	0	0	49	159	0	73	193
PLEKHA7	ZNF366	experimental	71	0	0	0	43	71	0	138	166
PLEKHA7	ZNF652	experimental	71	0	0	0	49	71	0	447	468
PLEKHA7	ZNF703	experimental	292	0	0	0	0	292	0	60	306
PLEKHA7	ZNF831	experimental	71	0	0	0	0	71	0	164	190
PLEKHG3	PLEKHA7	experimental	292	0	0	0	60	292	0	183	408
PLEKHH3	PLEKHA7	experimental	53	0	0	0	49	53	0	233	248
PLIN3	PLEKHA7	experimental	322	0	0	0	0	322	0	45	325
PLS1	PLEKHA7	experimental	292	0	0	0	76	292	0	0	317
PLS3	PLEKHA7	experimental	292	0	0	0	63	292	0	0	308
PM20D1	PLEKHA7	experimental	98	0	0	0	47	98	0	103	161
PNN	PLEKHA7	experimental	292	0	0	0	0	292	0	0	292
POLDIP2	PLEKHA7	experimental	292	0	0	0	0	292	0	0	292
PON2	PLEKHA7	experimental	292	0	0	0	47	292	0	0	296
POTEE	PLEKHA7	experimental	327	0	0	0	0	327	0	63	342
PPA1	PLEKHA7	experimental	292	0	0	0	0	292	0	0	292
PPIF	PLEKHA7	experimental	796	0	0	0	0	76	720	0	730
PPL	PLEKHA7	experimental	362	0	0	0	60	362	0	0	374
PPME1	PLEKHA7	experimental	292	0	0	0	0	292	0	0	292
PPP1CA	PLEKHA7	experimental	292	0	0	0	49	292	0	47	302
PPP1CB	PLEKHA7	experimental	292	0	0	0	49	292	0	66	316
PPP1R12A	PLEKHA7	experimental	322	0	0	0	0	322	0	45	325
PPP1R9B	PLEKHA7	experimental	292	0	0	0	0	292	0	0	292
PPP2CB	PLEKHA7	experimental	292	0	0	0	0	292	0	47	296
PPP2R1A	PLEKHA7	experimental	292	0	0	0	55	292	0	55	312
PRDM15	PLEKHA7	experimental	71	0	0	0	49	71	0	116	150
PRKACA	PLEKHA7	experimental	292	0	0	0	0	292	0	0	292
PRKAG1	PLEKHA7	experimental	292	0	0	0	0	292	0	0	292
PRMT1	PLEKHA7	experimental	292	0	0	0	0	292	0	0	292
PRMT5	PLEKHA7	experimental	292	0	0	0	59	292	0	0	305
PROCR	PLEKHA7	experimental	292	0	0	0	0	292	0	0	292
PRPSAP2	PLEKHA7	experimental	292	0	0	0	55	292	0	0	302
PRSS8	PLEKHA7	experimental	292	0	0	0	68	292	0	0	311
PSMC5	PLEKHA7	experimental	292	0	0	0	0	292	0	73	315
PSMC6	PLEKHA7	experimental	292	0	0	0	0	292	0	46	295
PSMD11	PLEKHA7	experimental	292	0	0	0	0	292	0	48	297
PSMD13	PLEKHA7	experimental	292	0	0	0	0	292	0	0	292
PSMD4	PLEKHA7	experimental	185	0	0	0	0	185	0	114	247
PSMD6	PLEKHA7	experimental	292	0	0	0	0	292	0	47	296
PSMD7	PLEKHA7	experimental	310	0	0	0	0	310	0	62	325
PTBP1	PLEKHA7	experimental	292	0	0	0	0	292	0	0	292
PTPN23	PLEKHA7	experimental	137	0	0	0	43	137	0	90	182
PTPN3	PLEKHA7	experimental	71	0	0	0	97	71	0	91	170
PURA	PLEKHA7	experimental	292	0	0	0	0	292	0	0	292
QARS1	PLEKHA7	experimental	292	0	0	0	0	292	0	0	292
QPRT	PLEKHA7	experimental	292	0	0	0	0	292	0	0	292
RAD23A	PLEKHA7	experimental	159	0	0	0	0	159	0	80	193
RAD23B	PLEKHA7	experimental	159	0	0	0	0	159	0	80	193
RAE1	PLEKHA7	experimental	312	0	0	0	0	312	0	0	311
RAI14	PLEKHA7	experimental	322	0	0	0	0	322	0	45	325
RALBP1	PLEKHA7	experimental	295	0	0	0	0	295	0	0	294
RALY	PLEKHA7	experimental	314	0	0	0	0	314	0	0	314
RANBP10	PLEKHA7	experimental	113	0	0	0	49	113	0	89	164
RANBP9	PLEKHA7	experimental	113	0	0	0	0	113	0	89	157
RARS1	PLEKHA7	experimental	292	0	0	0	0	292	0	0	292
RBBP5	PLEKHA7	experimental	292	0	0	0	0	292	0	0	292
RBM4	PLEKHA7	experimental	314	0	0	0	0	314	0	0	314
RCN1	PLEKHA7	experimental	292	0	0	0	0	292	0	0	292
RDH12	PLEKHA7	experimental	233	0	0	0	0	233	0	0	232
RDX	PLEKHA7	experimental	331	0	0	0	0	331	0	46	334
REPS1	PLEKHA7	experimental	292	0	0	0	49	292	0	0	297
RET	PLEKHA7	experimental	46	0	0	0	0	46	0	166	170
RFC4	PLEKHA7	experimental	292	0	0	0	0	292	0	0	292
RHOA	PLEKHA7	experimental	47	0	0	0	0	47	0	402	405
RHPN1	PLEKHA7	experimental	114	0	0	0	0	114	0	81	150
RHPN2	PLEKHA7	experimental	114	0	0	0	115	114	0	81	216
RNH1	PLEKHA7	experimental	292	0	0	0	0	292	0	45	294
ROS1	PLEKHA7	experimental	71	0	0	0	0	71	0	126	153
RP2	PLEKHA7	experimental	292	0	0	0	59	292	0	0	305
RPL4	PLEKHA7	experimental	292	0	0	0	0	292	0	0	292
RPL5	PLEKHA7	experimental	292	0	0	0	0	292	0	0	292
RPL6	PLEKHA7	experimental	292	0	0	0	0	292	0	0	292
RPLP0	PLEKHA7	experimental	292	0	0	0	0	292	0	51	299
RPN1	PLEKHA7	experimental	292	0	0	0	0	292	0	0	292
RPRD1B	PLEKHA7	experimental	292	0	0	0	49	292	0	0	297
RPS27A	PLEKHA7	experimental	392	0	0	0	0	392	0	68	408
RPSA	PLEKHA7	experimental	312	0	0	0	0	312	0	0	311
RRBP1	PLEKHA7	experimental	292	0	0	0	0	292	0	53	300
RSPRY1	PLEKHA7	experimental	292	0	0	0	46	292	0	0	295
RTF2	PLEKHA7	experimental	292	0	0	0	0	292	0	0	292
SAFB	PLEKHA7	experimental	292	0	0	0	0	292	0	0	292
SARAF	PLEKHA7	experimental	148	0	0	0	55	148	0	44	163
SCNN1A	PLEKHA7	experimental	100	0	0	0	62	100	0	84	159
SCNN1B	PLEKHA7	experimental	100	0	0	0	43	100	0	156	209
SDC4	PLEKHA7	experimental	292	0	0	0	45	292	0	0	294
SEC13	PLEKHA7	experimental	292	0	0	0	0	292	0	0	292
SEC23A	PLEKHA7	experimental	314	0	0	0	57	314	0	0	325
SEC23B	PLEKHA7	experimental	314	0	0	0	57	314	0	0	325
SEC24C	PLEKHA7	experimental	292	0	0	0	0	292	0	0	292
SEH1L	PLEKHA7	experimental	292	0	0	0	0	292	0	0	292
SEMA7A	PLEKHA7	experimental	292	0	0	0	0	292	0	0	292
SEPHS1	PLEKHA7	experimental	292	0	0	0	0	292	0	0	292
SEPTIN2	PLEKHA7	experimental	314	0	0	0	0	314	0	48	319
SEPTIN7	PLEKHA7	experimental	314	0	0	0	0	314	0	48	319
SERPINB1	PLEKHA7	experimental	292	0	0	0	0	292	0	0	292
SERPINH1	PLEKHA7	experimental	292	0	0	0	0	292	0	0	292
SET	PLEKHA7	experimental	292	0	0	0	0	292	0	0	292
SETD1A	PLEKHA7	experimental	299	0	0	0	0	299	0	50	305
SF1	PLEKHA7	experimental	292	0	0	0	0	292	0	0	292
SFN	PLEKHA7	experimental	126	0	0	0	59	126	0	65	163
SFPQ	PLEKHA7	experimental	292	0	0	0	0	292	0	0	292
SGF29	PLEKHA7	experimental	292	0	0	0	0	292	0	0	292
SGTA	PLEKHA7	experimental	313	0	0	0	0	313	0	57	324
SH3GL1	PLEKHA7	experimental	292	0	0	0	0	292	0	0	292
SH3KBP1	PLEKHA7	experimental	313	0	0	0	0	313	0	0	312
SHKBP1	PLEKHA7	experimental	292	0	0	0	45	292	0	0	294
SIPA1L3	PLEKHA7	experimental	292	0	0	0	49	292	0	0	297
SLBP	PLEKHA7	experimental	292	0	0	0	0	292	0	0	292
SLC25A31	PLEKHA7	database	720	0	0	0	0	0	720	71	728
SLC25A4	PLEKHA7	database	720	0	0	0	0	0	720	71	728
SLC25A5	PLEKHA7	database	720	0	0	0	0	0	720	71	728
SLC2A1	PLEKHA7	experimental	292	0	0	0	0	292	0	44	294
SLC2A3	PLEKHA7	experimental	292	0	0	0	0	292	0	44	294
SLC3A2	PLEKHA7	experimental	308	0	0	0	0	308	0	0	308
SLC44A3	PLEKHA7	experimental	71	0	0	0	124	71	0	0	151
SLC9A3R2	PLEKHA7	experimental	308	0	0	0	0	308	0	64	324
SMAD1	PLEKHA7	experimental	250	0	0	0	60	250	0	80	294
SMAD2	PLEKHA7	experimental	250	0	0	0	0	250	0	80	280
SMAD3	PLEKHA7	experimental	250	0	0	0	0	250	0	80	280
SMAD4	PLEKHA7	experimental	250	0	0	0	0	250	0	80	280
SMAD5	PLEKHA7	experimental	250	0	0	0	49	250	0	80	286
SMAD6	PLEKHA7	experimental	250	0	0	0	44	250	0	80	282
SMAD7	PLEKHA7	experimental	250	0	0	0	44	250	0	80	282
SMAD9	PLEKHA7	experimental	250	0	0	0	0	250	0	80	280
SMC3	PLEKHA7	experimental	66	0	0	0	0	66	0	150	172
SMN1	PLEKHA7	experimental	292	0	0	0	0	292	0	0	292
SMPDL3B	PLEKHA7	experimental	292	0	0	0	0	292	0	73	315
SMTN	PLEKHA7	experimental	292	0	0	0	0	292	0	0	292
SNRNP70	PLEKHA7	experimental	308	0	0	0	0	308	0	49	313
SNW1	PLEKHA7	experimental	292	0	0	0	0	292	0	47	296
SNX9	PLEKHA7	experimental	331	0	0	0	44	331	0	52	340
SORBS1	PLEKHA7	experimental	292	0	0	0	50	292	0	84	329
SORBS2	PLEKHA7	experimental	292	0	0	0	44	292	0	57	305
SORBS3	PLEKHA7	experimental	292	0	0	0	0	292	0	57	303
SORD	PLEKHA7	experimental	292	0	0	0	42	292	0	0	292
SOWAHB	PLEKHA7	experimental	212	0	0	0	67	212	0	66	253
SPECC1	PLEKHA7	experimental	292	0	0	0	42	292	0	0	292
SPECC1L	PLEKHA7	experimental	292	0	0	0	42	292	0	198	408
SPG7	PLEKHA7	database	720	0	0	0	0	0	720	45	721
SPINT1	PLEKHA7	experimental	292	0	0	0	67	292	0	0	311
SPRYD3	PLEKHA7	experimental	113	0	0	0	0	113	0	89	157
SPTAN1	PLEKHA7	experimental	292	0	0	0	52	292	0	63	316
SPTBN1	PLEKHA7	experimental	363	0	0	0	0	363	0	203	470
SQSTM1	PLEKHA7	experimental	292	0	0	0	0	292	0	0	292
SRC	PLEKHA7	experimental	314	0	0	0	0	314	0	162	400
SRRM2	PLEKHA7	experimental	292	0	0	0	0	292	0	0	292
SRRT	PLEKHA7	experimental	292	0	0	0	46	292	0	0	295
SSB	PLEKHA7	experimental	292	0	0	0	0	292	0	0	292
SSR1	PLEKHA7	experimental	292	0	0	0	0	292	0	0	292
SSX2IP	PLEKHA7	experimental	97	0	0	0	0	97	0	124	175
STARD10	PLEKHA7	experimental	292	0	0	0	67	292	0	53	319
STK11	PLEKHA7	experimental	174	0	0	0	0	174	0	68	197
STK3	PLEKHA7	experimental	138	0	0	0	0	138	0	84	176
STK4	PLEKHA7	experimental	138	0	0	0	0	138	0	84	176
STOML2	PLEKHA7	experimental	292	0	0	0	0	292	0	51	299
STON2	PLEKHA7	experimental	292	0	0	0	44	292	0	0	294
STRAP	PLEKHA7	experimental	292	0	0	0	0	292	0	50	298
STUB1	PLEKHA7	experimental	292	0	0	0	0	292	0	49	297
STX3	PLEKHA7	experimental	312	0	0	0	0	312	0	0	311
SUGP1	PLEKHA7	experimental	292	0	0	0	0	292	0	0	292
SUGT1	PLEKHA7	experimental	318	0	0	0	0	318	0	45	320
SYNCRIP	PLEKHA7	experimental	292	0	0	0	0	292	0	0	292
SYNJ1	PLEKHA7	experimental	292	0	0	0	0	292	0	0	292
SYNPO	PLEKHA7	experimental	314	0	0	0	0	314	0	48	319
TACC3	PLEKHA7	experimental	70	0	0	0	0	70	0	169	193
TALDO1	PLEKHA7	experimental	292	0	0	0	0	292	0	0	292
TANC1	PLEKHA7	experimental	82	0	0	0	68	82	0	152	210
TARBP2	PLEKHA7	experimental	292	0	0	0	0	292	0	0	292
TARDBP	PLEKHA7	experimental	314	0	0	0	0	314	0	0	314
TBC1D2	PLEKHA7	experimental	292	0	0	0	48	292	0	0	297
TBC1D4	PLEKHA7	experimental	292	0	0	0	0	292	0	124	353
TBL1XR1	PLEKHA7	experimental	292	0	0	0	0	292	0	73	315
TBL2	PLEKHA7	experimental	292	0	0	0	0	292	0	73	315
TCEA1	PLEKHA7	experimental	300	0	0	0	0	300	0	0	300
TCOF1	PLEKHA7	experimental	333	0	0	0	0	333	0	49	338
TEAD1	PLEKHA7	experimental	230	0	0	0	0	230	0	79	260
TEAD2	PLEKHA7	experimental	230	0	0	0	0	230	0	79	260
TEAD3	PLEKHA7	experimental	230	0	0	0	49	230	0	79	266
TEAD4	PLEKHA7	experimental	230	0	0	0	0	230	0	79	260
TFG	PLEKHA7	experimental	333	0	0	0	0	333	0	187	434
TFRC	PLEKHA7	experimental	332	0	0	0	0	332	0	51	338
TGFBR3	PLEKHA7	experimental	97	0	0	0	0	97	0	126	177
THG1L	PLEKHA7	experimental	292	0	0	0	0	292	0	0	292
THOC6	PLEKHA7	experimental	292	0	0	0	0	292	0	65	309
TIMM50	PLEKHA7	experimental	300	0	0	0	0	300	0	0	300
TJP1	PLEKHA7	experimental	311	0	0	241	87	311	0	728	852
TJP2	PLEKHA7	experimental	311	0	0	0	82	311	0	236	474
TJP3	PLEKHA7	experimental	311	0	0	0	90	311	0	231	475
TMEM116	PLEKHA7	experimental	133	0	0	0	0	133	0	73	161
TMEM43	PLEKHA7	experimental	292	0	0	0	0	292	0	0	292
TMOD1	PLEKHA7	experimental	292	0	0	0	0	292	0	0	292
TMOD3	PLEKHA7	experimental	292	0	0	0	0	292	0	0	292
TMPO	PLEKHA7	experimental	333	0	0	0	0	333	0	49	338
TMTC3	PLEKHA7	experimental	69	0	0	0	44	69	0	140	167
TNKS1BP1	PLEKHA7	experimental	292	0	0	0	49	292	0	45	300
TNRC6A	PLEKHA7	experimental	292	0	0	0	0	292	0	138	363
TNRC6B	PLEKHA7	experimental	292	0	0	0	0	292	0	102	336
TOM1	PLEKHA7	experimental	307	0	0	0	0	307	0	92	343
TOMM40	PLEKHA7	experimental	832	0	0	0	57	292	540	0	666
TOMM40L	PLEKHA7	database	540	0	0	0	57	0	540	0	547
TPM1	PLEKHA7	experimental	292	0	0	0	0	292	0	0	292
TRIM28	PLEKHA7	experimental	314	0	0	0	0	314	0	50	320
TRIM66	PLEKHA7	experimental	71	0	0	0	44	71	0	130	160
TRIM8	PLEKHA7	experimental	71	0	0	206	0	71	0	50	238
TRIOBP	PLEKHA7	experimental	292	0	0	0	0	292	0	45	294
TSGA10	PLEKHA7	experimental	173	0	0	0	44	173	0	52	185
TSPAN33	PLEKHA7	experimental	1197	0	0	0	0	477	720	446	911
TUBA1B	PLEKHA7	experimental	292	0	0	0	0	292	0	0	292
TUFM	PLEKHA7	experimental	292	0	0	0	0	292	0	0	292
TWF1	PLEKHA7	experimental	292	0	0	0	0	292	0	0	292
TWF2	PLEKHA7	experimental	292	0	0	0	0	292	0	0	292
TXNIP	PLEKHA7	experimental	269	0	0	0	0	269	0	113	323
UACA	PLEKHA7	experimental	322	0	0	0	49	322	0	45	330
UBA52	PLEKHA7	experimental	384	0	0	0	0	384	0	84	411
UBB	PLEKHA7	experimental	159	0	0	0	0	159	0	68	182
UBC	PLEKHA7	experimental	159	0	0	0	0	159	0	68	182
UBD	PLEKHA7	experimental	159	0	0	0	44	159	0	68	185
UBE2A	PLEKHA7	experimental	133	0	0	0	0	133	0	76	164
UBE2B	PLEKHA7	experimental	133	0	0	0	0	133	0	76	164
UBE2C	PLEKHA7	experimental	133	0	0	0	0	133	0	76	164
UBE2D1	PLEKHA7	experimental	133	0	0	0	0	133	0	76	164
UBE2D2	PLEKHA7	experimental	133	0	0	0	0	133	0	76	164
UBE2D3	PLEKHA7	experimental	133	0	0	0	0	133	0	76	164
UBE2D4	PLEKHA7	experimental	133	0	0	0	0	133	0	76	164
UBE2E1	PLEKHA7	experimental	133	0	0	0	0	133	0	76	164
UBE2E2	PLEKHA7	experimental	133	0	0	0	0	133	0	76	164
UBE2E3	PLEKHA7	experimental	133	0	0	0	0	133	0	76	164
UBE2G1	PLEKHA7	experimental	133	0	0	0	0	133	0	76	164
UBE2I	PLEKHA7	experimental	133	0	0	0	0	133	0	76	164
UBE2J1	PLEKHA7	experimental	133	0	0	0	0	133	0	76	164
UBE2K	PLEKHA7	experimental	190	0	0	0	0	190	0	76	219
UBE2L3	PLEKHA7	experimental	133	0	0	0	0	133	0	76	164
UBE2L5	PLEKHA7	experimental	133	0	0	0	0	133	0	76	164
UBE2L6	PLEKHA7	experimental	133	0	0	0	0	133	0	76	164
UBE2N	PLEKHA7	experimental	133	0	0	0	0	133	0	76	164
UBE2O	PLEKHA7	experimental	133	0	0	0	0	133	0	76	164
UBE2R2	PLEKHA7	experimental	133	0	0	0	0	133	0	76	164
UBE2S	PLEKHA7	experimental	133	0	0	0	0	133	0	76	164
UBE2T	PLEKHA7	experimental	133	0	0	0	0	133	0	76	164
UBE2U	PLEKHA7	experimental	133	0	0	0	0	133	0	76	164
UBE2W	PLEKHA7	experimental	133	0	0	0	0	133	0	76	164
UBE2Z	PLEKHA7	experimental	133	0	0	0	0	133	0	76	164
UBL4A	PLEKHA7	experimental	159	0	0	0	0	159	0	68	182
UBL4B	PLEKHA7	experimental	159	0	0	0	0	159	0	68	182
UBL7	PLEKHA7	experimental	159	0	0	0	0	159	0	95	206
UBQLN1	PLEKHA7	experimental	159	0	0	0	0	159	0	68	182
UBQLN2	PLEKHA7	experimental	159	0	0	0	0	159	0	68	182
UBQLN3	PLEKHA7	experimental	159	0	0	0	0	159	0	68	182
UBQLN4	PLEKHA7	experimental	159	0	0	0	0	159	0	68	182
UBQLNL	PLEKHA7	experimental	159	0	0	0	42	159	0	68	183
UBXN1	PLEKHA7	experimental	292	0	0	0	0	292	0	83	323
UBXN7	PLEKHA7	experimental	126	0	0	0	52	126	0	102	190
ULK4	PLEKHA7	experimental	70	0	0	0	48	70	0	505	523
UNC45A	PLEKHA7	experimental	292	0	0	0	0	292	0	0	292
USP10	PLEKHA7	experimental	128	0	0	0	0	128	0	120	199
USP13	PLEKHA7	experimental	146	0	0	0	44	146	0	102	202
USP18	PLEKHA7	experimental	136	0	0	0	57	136	0	92	195
USP20	PLEKHA7	experimental	166	0	0	0	0	166	0	67	188
USP25	PLEKHA7	experimental	136	0	0	0	57	136	0	92	195
USP28	PLEKHA7	experimental	136	0	0	0	65	136	0	92	202
USP34	PLEKHA7	experimental	136	0	0	0	57	136	0	92	195
USP40	PLEKHA7	experimental	136	0	0	0	65	136	0	92	202
USP41	PLEKHA7	experimental	136	0	0	0	57	136	0	92	195
USP48	PLEKHA7	experimental	136	0	0	0	57	136	0	92	195
USP5	PLEKHA7	experimental	370	0	0	0	44	370	0	102	411
USP7	PLEKHA7	experimental	362	0	0	0	57	362	0	92	406
VCL	PLEKHA7	experimental	292	0	0	0	0	292	0	193	404
VCP	PLEKHA7	experimental	327	0	0	0	0	327	0	46	330
VDAC1	PLEKHA7	database	720	0	0	0	0	0	720	83	732
VDAC2	PLEKHA7	database	540	0	0	0	0	0	540	83	560
VDAC3	PLEKHA7	database	540	0	0	0	0	0	540	83	560
VGLL4	PLEKHA7	experimental	144	0	0	0	49	144	0	79	184
VIL1	PLEKHA7	experimental	292	0	0	0	0	292	0	0	292
VIRMA	PLEKHA7	experimental	292	0	0	0	0	292	0	0	292
VPS26A	PLEKHA7	experimental	315	0	0	0	0	315	0	74	338
VPS37B	PLEKHA7	experimental	292	0	0	0	0	292	0	0	292
VTA1	PLEKHA7	experimental	292	0	0	0	0	292	0	0	292
WDR1	PLEKHA7	experimental	292	0	0	0	0	292	0	81	321
WDR18	PLEKHA7	experimental	292	0	0	0	0	292	0	73	315
WDR5	PLEKHA7	experimental	292	0	0	0	0	292	0	53	300
WDR77	PLEKHA7	experimental	292	0	0	0	0	292	0	73	315
WDR82	PLEKHA7	experimental	292	0	0	0	0	292	0	0	292
XRCC1	PLEKHA7	experimental	292	0	0	0	0	292	0	0	292
XRCC5	PLEKHA7	experimental	292	0	0	0	0	292	0	0	292
XRCC6	PLEKHA7	experimental	292	0	0	0	0	292	0	0	292
XRN1	PLEKHA7	experimental	301	0	0	0	51	301	0	0	308
XRN2	PLEKHA7	experimental	292	0	0	0	0	292	0	0	292
YAP1	PLEKHA7	experimental	292	0	0	0	48	292	0	51	304
YBX1	PLEKHA7	experimental	292	0	0	0	0	292	0	0	292
YES1	PLEKHA7	experimental	314	0	0	0	49	314	0	43	321
YWHAB	PLEKHA7	experimental	472	0	0	0	0	472	0	65	485
YWHAE	PLEKHA7	experimental	473	0	0	0	0	473	0	65	486
YWHAG	PLEKHA7	experimental	388	0	0	0	0	388	0	65	403
YWHAH	PLEKHA7	experimental	252	0	0	0	0	252	0	65	270
YWHAQ	PLEKHA7	experimental	479	0	0	0	0	479	0	80	499
YWHAZ	PLEKHA7	experimental	476	0	0	0	0	476	0	65	489
ZBED1	PLEKHA7	experimental	292	0	0	0	0	292	0	57	303
ZBTB33	PLEKHA7	experimental	71	0	0	0	0	71	0	142	168
ZCCHC3	PLEKHA7	experimental	292	0	0	0	0	292	0	0	292
ZFAND4	PLEKHA7	experimental	159	0	0	0	49	159	0	73	193
ZNF366	PLEKHA7	experimental	71	0	0	0	43	71	0	138	166
ZNF652	PLEKHA7	experimental	71	0	0	0	49	71	0	447	468
ZNF703	PLEKHA7	experimental	292	0	0	0	0	292	0	60	306
ZNF831	PLEKHA7	experimental	71	0	0	0	0	71	0	164	190
